Workbook

Sheet LP-OCIP Failure Summary – April
A1: LP-OCIP Failure Summary – April to September _2026
B3: LP-OCIP | C3: Total inspection Quantity | D3: Total Accepted Quantity | E3: Total Defect Quantity | F3: FTR % | G3: Defect % | I3: Category of the problem | J3: Defect Quantity | K3: Cumulative Quantity | L3: Cumulative (%) | M3: Defect Contribution (%)
B4: TYPE OF MODULE | C4: =SUM(C5:C9) -> 2055 | D4: =SUM(D5:D9) -> 1585 | E4: =SUM(E5:E9) -> 470 | F4: =D4/C4 -> 0.77128954 | G4: =E4/C4 -> 0.22871046 | I4: Assembly Errors | J4: 246 | K4: =J4 -> 246 | L4: =K4/$K$6 -> 0.52340426 | M4: =J4/$K$6 -> 0.52340426
B5: LP-OCIP (DMI) CCB_E70_EF12 | C5: 1822 | D5: 1406 | E5: 416 | F5: =D5/C5 -> 0.77167947 | G5: =E5/C5 -> 0.22832053 | I5: Functional issues | J5: 216 | K5: =K4+J5 -> 462 | L5: =K5/$K$6 -> 0.98297872 | M5: =J5/$K$6 -> 0.45957447
B6: LP-OCIP (DMI) Conventional EMU | C6: 135 | D6: 102 | E6: 33 | F6: =D6/C6 -> 0.75555556 | G6: =E6/C6 -> 0.24444444 | I6: Damages | J6: 8 | K6: =K5+J6 -> 470 | L6: =K6/$K$6 -> 1 | M6: =J6/$K$6 -> 0.017021277
B7: LP-OCIP(3PH)EMU | C7: 58 | D7: 44 | E7: 14 | F7: =D7/C7 -> 0.75862069 | G7: =E7/C7 -> 0.24137931
B8: LP-OCIP (DMI) AMRIT BHARAT | C8: 33 | D8: 29 | E8: 4 | F8: =D8/C8 -> 0.87878788 | G8: =E8/C8 -> 0.12121212
B9: LP-OCIP (DMI) TRAIN-18 | C9: 7 | D9: 4 | E9: 3 | F9: =D9/C9 -> 0.57142857 | G9: =E9/C9 -> 0.42857143
B12: Sub Category of the problem | C12: No of issues Quantity | D12: Cumulative Quantity | E12: Cumulative (%) | F12: Defect Contribution (%)
B13: Loose fitment | C13: 122 | D13: 122 | E13: =D13/$D$27 -> 0.25957447 | F13: =C13/$D$27 -> 0.25957447
B14: Display issue | C14: 94 | D14: =D13+C14 -> 216 | E14: =D14/$D$27 -> 0.45957447 | F14: =C14/$D$27 -> 0.2
B15: Defect component | C15: 61 | D15: =D14+C15 -> 277 | E15: =D15/$D$27 -> 0.5893617 | F15: =C15/$D$27 -> 0.12978723
B16: Missing operation | C16: 52 | D16: =D15+C16 -> 329 | E16: =D16/$D$27 -> 0.7 | F16: =C16/$D$27 -> 0.1106383
B17: Functional issue | C17: 38 | D17: =D16+C17 -> 367 | E17: =D17/$D$27 -> 0.78085106 | F17: =C17/$D$27 -> 0.080851064
B18: Loose connection | C18: 25 | D18: =D17+C18 -> 392 | E18: =D18/$D$27 -> 0.83404255 | F18: =C18/$D$27 -> 0.053191489
B19: Dust | C19: 20 | D19: =D18+C19 -> 412 | E19: =D19/$D$27 -> 0.87659574 | F19: =C19/$D$27 -> 0.042553191
B20: Wire interchanged | C20: 19 | D20: =D19+C20 -> 431 | E20: =D20/$D$27 -> 0.91702128 | F20: =C20/$D$27 -> 0.040425532
B21: Scratches | C21: 15 | D21: =D20+C21 -> 446 | E21: =D21/$D$27 -> 0.94893617 | F21: =C21/$D$27 -> 0.031914894
B22: Carrier board PCBA | C22: 10 | D22: =D21+C22 -> 456 | E22: =D22/$D$27 -> 0.97021277 | F22: =C22/$D$27 -> 0.021276596
B23: Buzzer issue | C23: 5 | D23: =D22+C23 -> 461 | E23: =D23/$D$27 -> 0.98085106 | F23: =C23/$D$27 -> 0.010638298
B24: Power on issue | C24: 4 | D24: =D23+C24 -> 465 | E24: =D24/$D$27 -> 0.9893617 | F24: =C24/$D$27 -> 0.0085106383
B25: Keypad issue | C25: 3 | D25: =D24+C25 -> 468 | E25: =D25/$D$27 -> 0.99574468 | F25: =C25/$D$27 -> 0.0063829787
... B27: Paint peel-off | C27: 1 | D27: =D26+C27 -> 470 | E27: =D27/$D$27 -> 1 | F27: =C27/$D$27 -> 0.0021276596

Sheet LP-OCIP observations (APR-SEP) 
A1: LP-OCIP - IN_HOUSE FAILURES - ANALYSIS
A2: LP-OCIP (APR-SEP) 2026 Failure Report by QC Engineer at Factory
E3: =SUM(E5:E959) -> 2055 | F3: =SUM(F5:F959) -> 1585 | G3: =SUM(G5:G959) -> 470
A4: # | B4: Failure detected Area IPQC | C4: Failure Reported by (Name of QC Eng) | D4: Part Number | E4: Production QTY ( Nos) | F4: Accepted QTY ( Nos) | G4: Rework QTY ( Nos) | H4: Date of occurrence of failures | I4: Name of Failed item (Main, Unit / Module / Sub-module / component) | J4: Sl No of failed item | K4: "Observed Problem (First information Report)" | L4: Root Cause of failure | M4: Action to be taken (Corrective action) | N4: Responsible person | O4: Target Date | P4: Preventive Action | Q4: Responsible person.1 | R4: Target Date.1 | S4: Status (Issue Closed / Open) | T4: Sub Category | U4: Category of Problem | V4: Remarks, if any
A5: 1 | B5: IPQC | C5: D.Srishanth Reddy R.Navaneetha | D5: 6000043167 | E5: 1 | F5: 1 | G5: 0 | H5: 46124 | I5: LP-OCIP (DMI) CCB_E70_EF12 | J5: 516300010426001 | K5: OK | L5: OK | M5: OK | N5: Rajinikanth | Q5: Rajinikanth | S5: Closed | T5: OK | U5: OK
A6: 2 | B6: IPQC | C6: D.Srishanth Reddy R.Navaneetha | D6: 6000043167 | E6: 1 | F6: 0 | G6: 1 | H6: 46124 | I6: LP-OCIP (DMI) CCB_E70_EF12 | J6: 516300010426002 | K6: Wire interchange of Brick board J1 connector and carrier board J19 connector. | L6: Rewire correctly as per schematic and label wires | N6: Rajinikanth | P6: Training should be given to the operator and implement wire labeling system | Q6: Rajinikanth | S6: Closed | T6: Wire Interchanged | U6: Assembly Errors
A7: 3 | B7: IPQC | C7: D.Srishanth Reddy R.Navaneetha | D7: 6000043167 | E7: 5 | F7: 5 | G7: 0 | H7: 46124 | I7: LP-OCIP (DMI) CCB_E70_EF12 | J7: 516300010426003-007 | K7: OK | L7: OK | M7: OK | N7: Rajinikanth | Q7: Rajinikanth | S7: Closed | T7: OK | U7: OK
A8: 4 | B8: IPQC | C8: D.Srishanth Reddy R.Navaneetha | D8: 6000043167 | E8: 2 | F8: 2 | G8: 0 | H8: 46125 | I8: LP-OCIP (DMI) CCB_E70_EF12 | J8: 516300010426008-009 | K8: OK | L8: OK | M8: OK | N8: Rajinikanth | Q8: Rajinikanth | S8: Closed | T8: OK | U8: OK
A9: 5 | B9: IPQC | C9: D.Srishanth Reddy R.Navaneetha | D9: 6000043167 | E9: 1 | F9: 0 | G9: 1 | H9: 46125 | I9: LP-OCIP (DMI) CCB_E70_EF12 | J9: 516300010426010 | K9: Loose fitment MIL Connector MC11 / MC13 Male Connector. | L9: Tightened the connector with the buska tool as per its standards | N9: Rajinikanth | P9: The operator shall use the appropriate tools and equipment, including the Buska tool, as specified in the assembly procedure and follow the manufacturer’s instructions | Q9: Rajinikanth | S9: Closed | T9: Loose Fitment | U9: Assembly Errors
A10: 6 | B10: IPQC | C10: D.Srishanth Reddy R.Navaneetha | D10: 6000043167 | E10: 4 | F10: 4 | G10: 0 | H10: 46125 | I10: LP-OCIP (DMI) CCB_E70_EF12 | J10: 516300010426011-014 | K10: OK | L10: OK | M10: OK | N10: Rajinikanth | Q10: Rajinikanth | S10: Closed | T10: OK | U10: OK
A11: 7 | B11: IPQC | C11: D.Srishanth Reddy R.Navaneetha | D11: 6000043167 | E11: 1 | F11: 0 | G11: 1 | H11: 46125 | I11: LP-OCIP (DMI) CCB_E70_EF12 | J11: 516300010426015 | K11: Harness Loose connection to the SOS push button. | L11: 1.Reworked all defective assemblies and corrected loose/missing parts 2. Conducted 100% inspection before release | N11: Rajinikanth | P11: Provide detailed Procedures/work instructions at workstations | Q11: Rajinikanth | S11: Closed | T11: Loose connection | U11: Assembly Errors
A12: 8 | B12: IPQC | C12: D.Srishanth Reddy R.Navaneetha | D12: 6000043167 | E12: 5 | F12: 5 | G12: 0 | H12: 46125 | I12: LP-OCIP (DMI) CCB_E70_EF12 | J12: 516300010426016-020 | K12: OK | L12: OK | M12: OK | N12: Rajinikanth | Q12: Rajinikanth | S12: Closed | T12: OK | U12: OK
A13: 9 | B13: IPQC | C13: D.Srishanth Reddy | D13: 6000043167 | E13: 1 | F13: 0 | G13: 1 | H13: 46126 | I13: LP-OCIP (DMI) CCB_E70_EF12 | J13: 516300010426021 | K13: Loose fitment Rotary switch. | L13: 1.Reworked all defective assemblies and corrected loose/missing parts. 2. Conducted 100% inspection before release. | N13: Rajinikanth | P13: Provide detailed Procedures/work instructions at workstations | Q13: Rajinikanth | S13: Closed | T13: Loose Fitment | U13: Assembly Errors
A14: 10 | B14: IPQC | C14: D.Srishanth Reddy | D14: 6000043167 | E14: 1 | F14: 0 | G14: 1 | H14: 46126 | I14: LP-OCIP (DMI) CCB_E70_EF12 | J14: 516300010426022 | K14: Loose fitment Rotary switch. | L14: 1.Reworked all defective assemblies and corrected loose/missing parts. 2. Conducted 100% inspection before release. | N14: Rajinikanth | P14: Provide detailed Procedures/work instructions at workstations | Q14: Rajinikanth | S14: Closed | T14: Loose Fitment | U14: Assembly Errors
A15: 11 | B15: IPQC | C15: D.Srishanth Reddy | D15: 6000043167 | E15: 9 | F15: 9 | G15: 0 | H15: 46126 | I15: LP-OCIP (DMI) CCB_E70_EF12 | J15: 516300010426023-031 | K15: OK | L15: OK | M15: OK | N15: Rajinikanth | Q15: Rajinikanth | S15: Closed | T15: OK | U15: OK
A16: 12 | B16: IPQC | C16: D.Srishanth Reddy | D16: 6000043167 | E16: 1 | F16: 0 | G16: 1 | H16: 46126 | I16: LP-OCIP (DMI) CCB_E70_EF12 | J16: 516300010426032 | K16: Harness Loose connection to the Ack Push button. | L16: 1.Reworked all defective assemblies and corrected loose/missing parts 2. Conducted 100% inspection before release | N16: Rajinikanth | P16: Provide detailed Procedures/work instructions at workstations | Q16: Rajinikanth | S16: Closed | T16: Loose connection | U16: Assembly Errors
A17: 13 | B17: IPQC | C17: D.Srishanth Reddy | D17: 6000043167 | E17: 16 | F17: 16 | G17: 0 | H17: 46126 | I17: LP-OCIP (DMI) CCB_E70_EF12 | J17: 516300010426033-048 | K17: OK | L17: OK | M17: OK | N17: Rajinikanth | Q17: Rajinikanth | S17: Closed | T17: OK | U17: OK
A18: 14 | B18: IPQC | C18: D.Srishanth Reddy | D18: 6000043167 | E18: 1 | F18: 0 | G18: 1 | H18: 46126 | I18: LP-OCIP (DMI) CCB_E70_EF12 | J18: 516300010426049 | K18: Scratches on Keypad. | L18: Replaced keypad | N18: Rajinikanth | P18: Train staff on handling procedures | Q18: Rajinikanth | S18: Closed | T18: Scratches | U18: Assembly Errors
A19: 15 | B19: IPQC | C19: D.Srishanth Reddy | D19: 6000043167 | E19: 1 | F19: 0 | G19: 1 | H19: 46126 | I19: LP-OCIP (DMI) CCB_E70_EF12 | J19: 516300010426050 | K19: Green DOT oberved on display. | L19: Replace or repair the faulty display unit. check connections and test functionality post-repair. | N19: Rajinikanth | P19: Ensure proper handling and storage of display components | Q19: Rajinikanth | S19: Closed | T19: Display issue | U19: Functional issue
A20: 16 | B20: IPQC | C20: D.Srishanth Reddy | D20: 6000043167 | E20: 1 | F20: 0 | G20: 1 | H20: 46142 | I20: LP-OCIP (DMI) CCB_E70_EF12 | J20: 516300010426051 | K20: Display Low Brightness. | L20: Replace or repair the faulty display unit. check connections and test functionality post-repair. | N20: Rajinikanth | P20: Ensure proper handling and storage of display components | Q20: Rajinikanth | S20: Closed | T20: Display issue | U20: Functional issue
A21: 17 | B21: IPQC | C21: D.Srishanth Reddy | D21: 6000043167 | E21: 1 | F21: 0 | G21: 1 | H21: 46142 | I21: LP-OCIP (DMI) CCB_E70_EF12 | J21: 516300010426052 | K21: Loose Fitment of M3*20mm LVDS Holder screw. | L21: 1.Reworked all defective assemblies and corrected loose/missing parts. 2. Conducted 100% inspection before release. | N21: Rajinikanth | P21: Provide detailed Procedures/work instructions at workstations | Q21: Rajinikanth | S21: Closed | T21: Loose Fitment | U21: Assembly Errors
A22: 18 | B22: IPQC | C22: D.Srishanth Reddy | D22: 6000043167 | E22: 10 | F22: 10 | G22: 0 | H22: 46142 | I22: LP-OCIP (DMI) CCB_E70_EF12 | J22: 516300010426053-062 | K22: OK | L22: OK | M22: OK | N22: Rajinikanth | Q22: Rajinikanth | S22: Closed | T22: OK | U22: OK
A23: 19 | B23: IPQC | C23: D.Srishanth Reddy | D23: 6000043167 | E23: 1 | F23: 0 | G23: 1 | H23: 46142 | I23: LP-OCIP (DMI) CCB_E70_EF12 | J23: 516300010426063 | K23: Scratches on Display. | L23: Replaced display | N23: Rajinikanth | P23: Train staff on handling procedures | Q23: Rajinikanth | S23: Closed | T23: Scratches | U23: Assembly Errors
A24: 20 | B24: IPQC | C24: D.Srishanth Reddy | D24: 6000043167 | E24: 1 | F24: 0 | G24: 1 | H24: 46142 | I24: LP-OCIP (DMI) CCB_E70_EF12 | J24: 516300010426064 | K24: Keypad keys are NOT working | L24: Replace or repair the keypad faulty unit. check connections and test functionality post-repair. | N24: Rajinikanth | P24: Ensure proper handling and storage of key pad components | Q24: Rajinikanth | S24: Closed | T24: Keypad Issue | U24: Functional issue
A25: 21 | B25: IPQC | C25: D.Srishanth Reddy | D25: 6000043167 | E25: 1 | F25: 1 | G25: 0 | H25: 46142 | I25: LP-OCIP (DMI) CCB_E70_EF12 | J25: 516300010426065 | K25: OK | L25: OK | M25: OK | N25: Rajinikanth | Q25: Rajinikanth | S25: Closed | T25: OK | U25: OK
A26: 22 | B26: IPQC | C26: D.Srishanth Reddy | D26: 6000043167 | E26: 1 | F26: 0 | G26: 1 | H26: 46142 | I26: LP-OCIP (DMI) CCB_E70_EF12 | J26: 516300010426066 | K26: Display Low Brightness. | L26: Replace or repair the faulty display unit. check connections and test functionality post-repair. | N26: Rajinikanth | P26: Ensure proper handling and storage of display components | Q26: Rajinikanth | S26: Closed | T26: Display issue | U26: Functional issue
A27: 23 | B27: IPQC | C27: D.Srishanth Reddy | D27: 6000043167 | E27: 2 | F27: 2 | G27: 0 | H27: 46142 | I27: LP-OCIP (DMI) CCB_E70_EF12 | J27: 516300010426067-068 | K27: OK | L27: OK | M27: OK | N27: Rajinikanth | Q27: Rajinikanth | S27: Closed | T27: OK | U27: OK
A28: 24 | B28: IPQC | C28: D.Srishanth Reddy | D28: 6000043167 | E28: 1 | F28: 0 | G28: 1 | H28: 46146 | I28: LP-OCIP (DMI) CCB_E70_EF12 | J28: 516300010426069 | K28: Wire interchange of HEALTH LED & SOS LED. | L28: Rewire correctly as per schematic and label wires | N28: Rajinikanth | P28: Training should be given to the operator and implement wire labeling system | Q28: Rajinikanth | S28: Closed | T28: Wire Interchanged | U28: Assembly Errors
A29: 25 | B29: IPQC | C29: D.Srishanth Reddy | D29: 6000043167 | E29: 1 | F29: 0 | G29: 1 | H29: 46146 | I29: LP-OCIP (DMI) CCB_E70_EF12 | J29: 516300010426070 | K29: Green DOT oberved on display. | L29: Replace or repair the faulty display unit. check connections and test functionality post-repair. | N29: Rajinikanth | P29: Ensure proper handling and storage of display components | Q29: Rajinikanth | S29: Closed | T29: Display issue | U29: Functional issue
A30: 26 | B30: IPQC | C30: D.Srishanth Reddy | D30: 6000043167 | E30: 1 | F30: 0 | G30: 1 | H30: 46146 | I30: LP-OCIP (DMI) CCB_E70_EF12 | J30: 516300010426071 | K30: Wire interchange of HEALTH LED & SOS LED. | L30: Rewire correctly as per schematic and label wires | N30: Rajinikanth | P30: Training should be given to the operator and implement wire labeling system | Q30: Rajinikanth | S30: Closed | T30: Wire Interchanged | U30: Assembly Errors
A31: 27 | B31: IPQC | C31: D.Srishanth Reddy | D31: 6000043167 | E31: 7 | F31: 7 | G31: 0 | H31: 46146 | I31: LP-OCIP (DMI) CCB_E70_EF12 | J31: 516300010426072-078 | K31: OK | L31: OK | M31: OK | N31: Rajinikanth | Q31: Rajinikanth | S31: Closed | T31: OK | U31: OK
A32: 28 | B32: IPQC | C32: D.Srishanth Reddy | D32: 6000043167 | E32: 2 | F32: 2 | G32: 0 | H32: 46153 | I32: LP-OCIP (DMI) CCB_E70_EF12 | J32: 516300010426079-080 | K32: OK | L32: OK | M32: OK | N32: Rajinikanth | Q32: Rajinikanth | S32: Closed | T32: OK | U32: OK
A33: 29 | B33: IPQC | C33: D.Srishanth Reddy | D33: 6000043167 | E33: 12 | F33: 12 | G33: 0 | H33: 46156 | I33: LP-OCIP (DMI) CCB_E70_EF12 | J33: 516300010526081-092 | K33: OK | L33: OK | M33: OK | N33: Rajinikanth | Q33: Rajinikanth | S33: Closed | T33: OK | U33: OK
A34: 30 | B34: IPQC | C34: D.Srishanth Reddy | D34: 6000043167 | E34: 1 | F34: 0 | G34: 1 | H34: 46156 | I34: LP-OCIP (DMI) CCB_E70_EF12 | J34: 516300010526093 | K34: Harness NOT connected to CANCEL push button switch. | L34: Faulty components were replaced with correct one. | N34: Rajinikanth | P34: 1. Implemented the module Level functional testing for Critical Modules. 2. Introduce quality gate approval before dispatch. 3. Strengthen SOP adherence and process monitoring. | Q34: Rajinikanth | S34: Closed | T34: Missing Operation | U34: Assembly Errors
A35: 31 | B35: IPQC | C35: D.Srishanth Reddy | D35: 6000043167 | E35: 9 | F35: 9 | G35: 0 | H35: 46156 | I35: LP-OCIP (DMI) CCB_E70_EF12 | J35: 516300010526094-102 | K35: OK | L35: OK | M35: OK | N35: Rajinikanth | Q35: Rajinikanth | S35: Closed | T35: OK | U35: OK
A36: 32 | B36: IPQC | C36: D.Srishanth Reddy | D36: 6000043167 | E36: 20 | F36: 20 | G36: 0 | H36: 46157 | I36: LP-OCIP (DMI) CCB_E70_EF12 | J36: 516300010526103-122 | K36: OK | L36: OK | M36: OK | N36: Rajinikanth | Q36: Rajinikanth | S36: Closed | T36: OK | U36: OK
A37: 33 | B37: IPQC | C37: D.Srishanth Reddy | D37: 6000043167 | E37: 2 | F37: 2 | G37: 0 | H37: 46158 | I37: LP-OCIP (DMI) CCB_E70_EF12 | J37: 516300010526123-124 | K37: OK | L37: OK | M37: OK | N37: Rajinikanth | Q37: Rajinikanth | S37: Closed | T37: OK | U37: OK
A38: 34 | B38: IPQC | C38: D.Srishanth Reddy | D38: 6000043167 | E38: 2 | F38: 2 | G38: 0 | H38: 46160 | I38: LP-OCIP (DMI) CCB_E70_EF12 | J38: 516300010526125-126 | K38: OK | L38: OK | M38: OK | N38: Rajinikanth | Q38: Rajinikanth | S38: Closed | T38: OK | U38: OK
A39: 35 | B39: IPQC | C39: D.Srishanth Reddy | D39: 6000043167 | E39: 1 | F39: 0 | G39: 1 | H39: 46170 | I39: LP-OCIP (DMI) CCB_E70_EF12 | J39: 516300010526127 | K39: Loose fitment of M3*10mm Brick board PCBA screw. | L39: 1.Reworked all defective assemblies and corrected loose/missing parts. 2. Conducted 100% inspection before release. | N39: Rajinikanth | P39: Provide detailed Procedures/work instructions at workstations | Q39: Rajinikanth | S39: Closed | T39: Loose Fitment | U39: Assembly Errors
A40: 36 | B40: IPQC | C40: D.Srishanth Reddy | D40: 6000043167 | E40: 2 | F40: 2 | G40: 0 | H40: 46170 | I40: LP-OCIP (DMI) CCB_E70_EF12 | J40: 516300010526128-129 | K40: OK | L40: OK | M40: OK | N40: Rajinikanth | Q40: Rajinikanth | S40: Closed | T40: OK | U40: OK
A41: 37 | B41: IPQC | C41: D.Srishanth Reddy | D41: 6000043167 | E41: 1 | F41: 0 | G41: 1 | H41: 46170 | I41: LP-OCIP (DMI) CCB_E70_EF12 | J41: 516300010526130 | K41: Harness Loose connection between the J7 and the carrier board. | L41: 1. Reworked all defective assemblies and corrected loose/missing parts. 2. Loose connections and missing items were rectified 3. Conducted 100% inspection before release. | N41: Rajinikanth | P41: Provide detailed Procedures/work instructions at workstations. | Q41: Rajinikanth | S41: Closed | T41: Loose connection | U41: Assembly Errors
A42: 38 | B42: IPQC | C42: D.Srishanth Reddy | D42: 6000043167 | E42: 1 | F42: 1 | G42: 0 | H42: 46170 | I42: LP-OCIP (DMI) CCB_E70_EF12 | J42: 516300010526131 | K42: OK | L42: OK | M42: OK | N42: Rajinikanth | Q42: Rajinikanth | S42: Closed | T42: OK | U42: OK
A43: 39 | B43: IPQC | C43: D.Srishanth Reddy | D43: 6000043167 | E43: 1 | F43: 0 | G43: 1 | H43: 46170 | I43: LP-OCIP (DMI) CCB_E70_EF12 | J43: 516300010526132 | K43: Harness Loose connection to the J7 & carrier board. | L43: 1. Reworked all defective assemblies and corrected loose/missing parts. 2. Loose connections and missing items were rectified 3. Conducted 100% inspection before release. | N43: Rajinikanth | P43: Provide detailed Procedures/work instructions at workstations. | Q43: Rajinikanth | S43: Closed | T43: Loose connection | U43: Assembly Errors
A44: 40 | B44: IPQC | C44: D.Srishanth Reddy | D44: 6000043167 | E44: 5 | F44: 5 | G44: 0 | H44: 46178 | I44: LP-OCIP (DMI) CCB_E70_EF12 | J44: 516300010626133-137 | K44: OK | L44: OK | M44: OK | N44: Rajinikanth | Q44: Rajinikanth | S44: Closed | T44: OK | U44: OK
A45: 41 | B45: IPQC | C45: D.Srishanth Reddy | D45: 6000043167 | E45: 1 | F45: 0 | G45: 1 | H45: 46178 | I45: LP-OCIP (DMI) CCB_E70_EF12 | J45: 516300010626138 | K45: Red DOT observed on display. | L45: Replace or repair the faulty display unit. check connections and test functionality post-repair. | N45: Rajinikanth | P45: Ensure proper handling and storage of display components | Q45: Rajinikanth | S45: Closed | T45: Display issue | U45: Functional issue
A46: 42 | B46: IPQC | C46: D.Srishanth Reddy | D46: 6000043167 | E46: 6 | F46: 6 | G46: 0 | H46: 46178 | I46: LP-OCIP (DMI) CCB_E70_EF12 | J46: 516300010626139-144 | K46: OK | L46: OK | M46: OK | N46: Rajinikanth | Q46: Rajinikanth | S46: Closed | T46: OK | U46: OK
A47: 43 | B47: IPQC | C47: D.Srishanth Reddy | D47: 6000043167 | E47: 1 | F47: 0 | G47: 1 | H47: 46178 | I47: LP-OCIP (DMI) CCB_E70_EF12 | J47: 516300010626145 | K47: Scratches on rating plate. | L47: 1.Reworked all defective assemblies and corrected loose/missing parts. 2. Conducted 100% inspection before release. | N47: Rajinikanth | P47: Provide detailed Procedures/work instructions at workstations. | Q47: Rajinikanth | S47: Closed | T47: Scratches | U47: Assembly Errors
A48: 44 | B48: IPQC | C48: D.Srishanth Reddy | D48: 6000043167 | E48: 1 | F48: 0 | G48: 1 | H48: 46178 | I48: LP-OCIP (DMI) CCB_E70_EF12 | J48: 516300010626146 | K48: Scratches on rating plate. | L48: 1.Reworked all defective assemblies and corrected loose/missing parts. 2. Conducted 100% inspection before release. | N48: Rajinikanth | P48: Provide detailed Procedures/work instructions at workstations. | Q48: Rajinikanth | S48: Closed | T48: Scratches | U48: Assembly Errors
A49: 45 | B49: IPQC | C49: D.Srishanth Reddy | D49: 6000043167 | E49: 2 | F49: 2 | G49: 0 | H49: 46178 | I49: LP-OCIP (DMI) CCB_E70_EF12 | J49: 51630010626147-148 | K49: OK | L49: OK | M49: OK | N49: Rajinikanth | Q49: Rajinikanth | S49: Closed | T49: OK | U49: OK
A50: 46 | B50: IPQC | C50: D.Srishanth Reddy | D50: 6000043167 | E50: 1 | F50: 0 | G50: 1 | H50: 46178 | I50: LP-OCIP (DMI) CCB_E70_EF12 | J50: 516300010626149 | K50: Harness Loose connection to the Common & Ack Push buttons. | L50: 1.Reworked all defective assemblies and corrected loose/missing parts 2. Conducted 100% inspection before release | N50: Rajinikanth | P50: Provide detailed Procedures/work instructions at workstations | Q50: Rajinikanth | S50: Closed | T50: Loose connection | U50: Assembly Errors
A51: 47 | B51: IPQC | C51: D.Srishanth Reddy | D51: 6000043167 | E51: 1 | F51: 0 | G51: 1 | H51: 46178 | I51: LP-OCIP (DMI) CCB_E70_EF12 | J51: 516300010626149 | K51: Loose fitment MIL Connector MC11 / MC13 Male Connector. | L51: Tightened the connector with the buska tool as per its standards | N51: Rajinikanth | P51: The operator shall use the appropriate tools and equipment, including the Buska tool, as specified in the assembly procedure and follow the manufacturer’s instructions | Q51: Rajinikanth | S51: Closed | T51: Loose Fitment | U51: Assembly Errors
A52: 48 | B52: IPQC | C52: D.Srishanth Reddy | D52: 6000043167 | E52: 2 | F52: 2 | G52: 0 | H52: 46178 | I52: LP-OCIP (DMI) CCB_E70_EF12 | J52: 516300010626150-151 | K52: OK | L52: OK | M52: OK | N52: Rajinikanth | Q52: Rajinikanth | S52: Closed | T52: OK | U52: OK
A53: 49 | B53: IPQC | C53: D.Srishanth Reddy | D53: 6000043167 | E53: 1 | F53: 0 | G53: 1 | H53: 46178 | I53: LP-OCIP (DMI) CCB_E70_EF12 | J53: 516300010626152 | K53: Faulty Rotary switch. Unable to select 'Leading & Non Leading'. Rotating 360deg freely. | N53: Rajinikanth | Q53: Rajinikanth | S53: Closed | T53: Defect component | U53: Functional issue
A54: 50 | B54: IPQC | C54: D.Srishanth Reddy | D54: 6000043167 | E54: 4 | F54: 4 | G54: 0 | H54: 46178 | I54: LP-OCIP (DMI) CCB_E70_EF12 | J54: 516300010626153-156 | K54: OK | L54: OK | M54: OK | N54: Rajinikanth | Q54: Rajinikanth | S54: Closed | T54: OK | U54: OK
A55: 51 | B55: IPQC | C55: D.Srishanth Reddy | D55: 6000043167 | E55: 10 | F55: 10 | G55: 0 | H55: 46179 | I55: LP-OCIP (DMI) CCB_E70_EF12 | J55: 516300010626157-166 | K55: OK | L55: OK | M55: OK | N55: Rajinikanth | Q55: Rajinikanth | S55: Closed | T55: OK | U55: OK
A56: 52 | B56: IPQC | C56: D.Srishanth Reddy | D56: 6000043167 | E56: 1 | F56: 1 | G56: 0 | H56: 46181 | I56: LP-OCIP (DMI) CCB_E70_EF12 | J56: 516300010626167 | K56: OK | L56: OK | M56: OK | N56: Rajinikanth | Q56: Rajinikanth | S56: Closed | T56: OK | U56: OK
A57: 53 | B57: IPQC | C57: D.Srishanth Reddy | D57: 6000043167 | E57: 1 | F57: 0 | G57: 1 | H57: 46181 | I57: LP-OCIP (DMI) CCB_E70_EF12 | J57: 516300010626168 | K57: Loose fitment MIL Connector MC11 / MC13 Male Connector. | L57: Tightened the connector with the buska tool as per its standards | N57: Rajinikanth | P57: The operator shall use the appropriate tools and equipment, including the Buska tool, as specified in the assembly procedure and follow the manufacturer’s instructions | Q57: Rajinikanth | S57: Closed | T57: Loose Fitment | U57: Assembly Errors
A58: 54 | B58: IPQC | C58: D.Srishanth Reddy | D58: 6000043167 | E58: 1 | F58: 0 | G58: 1 | H58: 46181 | I58: LP-OCIP (DMI) CCB_E70_EF12 | J58: 516300010626168 | K58: Loose fitment Rotary switch. | L58: 1.Reworked all defective assemblies and corrected loose/missing parts. 2. Conducted 100% inspection before release. | N58: Rajinikanth | P58: Provide detailed Procedures/work instructions at workstations | Q58: Rajinikanth | S58: Closed | T58: Loose Fitment | U58: Assembly Errors
A59: 55 | B59: IPQC | C59: D.Srishanth Reddy | D59: 6000043167 | E59: 1 | F59: 0 | G59: 1 | H59: 46181 | I59: LP-OCIP (DMI) CCB_E70_EF12 | J59: 516300010626168 | K59: Harness Loose connection to the SOS push button. | L59: 1.Reworked all defective assemblies and corrected loose/missing parts 2. Conducted 100% inspection before release | N59: Rajinikanth | P59: Provide detailed Procedures/work instructions at workstations | Q59: Rajinikanth | S59: Closed | T59: Loose connection | U59: Assembly Errors
A60: 56 | B60: IPQC | C60: D.Srishanth Reddy | D60: 6000043167 | E60: 1 | F60: 0 | G60: 1 | H60: 46181 | I60: LP-OCIP (DMI) CCB_E70_EF12 | J60: 516300010626168 | K60: Missing of glue carrier board capacitor. | L60: 1.Reworked all defective assemblies and corrected loose/missing parts. 2. Conducted 100% inspection before release. | N60: Rajinikanth | P60: Provide detailed Procedures/work instructions at workstations. | Q60: Rajinikanth | S60: Closed | T60: Missing Operation | U60: Assembly Errors
A61: 57 | B61: IPQC | C61: D.Srishanth Reddy | D61: 6000043167 | E61: 1 | F61: 0 | G61: 1 | H61: 46181 | I61: LP-OCIP (DMI) CCB_E70_EF12 | J61: 516300010626169 | K61: Loose fitment MIL Connector MC11 / MC13 Male Connector. | L61: Tightened the connector with the buska tool as per its standards | N61: Rajinikanth | P61: The operator shall use the appropriate tools and equipment, including the Buska tool, as specified in the assembly procedure and follow the manufacturer’s instructions | Q61: Rajinikanth | S61: Closed | T61: Loose Fitment | U61: Assembly Errors
A62: 58 | B62: IPQC | C62: D.Srishanth Reddy | D62: 6000043167 | E62: 5 | F62: 5 | G62: 0 | H62: 46181 | I62: LP-OCIP (DMI) CCB_E70_EF12 | J62: 516300010626170-174 | K62: OK | L62: OK | M62: OK | N62: Rajinikanth | Q62: Rajinikanth | S62: Closed | T62: OK | U62: OK
A63: 59 | B63: IPQC | C63: D.Srishanth Reddy | D63: 6000043167 | E63: 2 | F63: 2 | G63: 0 | H63: 46181 | I63: LP-OCIP (DMI) CCB_E70_EF12 | J63: 516300010626175-176 | K63: OK | L63: OK | M63: OK | N63: Rajinikanth | Q63: Rajinikanth | S63: Closed | T63: OK | U63: OK
A64: 60 | B64: IPQC | C64: D.Srishanth Reddy | D64: 6000043167 | E64: 1 | F64: 1 | G64: 0 | H64: 46183 | I64: LP-OCIP (DMI) CCB_E70_EF12 | J64: 516300010626177 | K64: OK | L64: OK | M64: OK | N64: Rajinikanth | Q64: Rajinikanth | S64: Closed | T64: OK | U64: OK
A65: 61 | B65: IPQC | C65: D.Srishanth Reddy | D65: 6000043167 | E65: 1 | F65: 0 | G65: 1 | H65: 46183 | I65: LP-OCIP (DMI) CCB_E70_EF12 | J65: 516300010626178 | K65: Missing of glue carrier board capacitor. | L65: 1.Reworked all defective assemblies and corrected loose/missing parts. 2. Conducted 100% inspection before release. | N65: Rajinikanth | P65: Provide detailed Procedures/work instructions at workstations. | Q65: Rajinikanth | S65: Closed | T65: Missing Operation | U65: Assembly Errors
A66: 62 | B66: IPQC | C66: D.Srishanth Reddy | D66: 6000043167 | E66: 1 | F66: 1 | G66: 0 | H66: 46183 | I66: LP-OCIP (DMI) CCB_E70_EF12 | J66: 516300010626179 | K66: OK | L66: OK | M66: OK | N66: Rajinikanth | Q66: Rajinikanth | S66: Closed | T66: OK | U66: OK
A67: 63 | B67: IPQC | C67: D.Srishanth Reddy | D67: 6000043167 | E67: 1 | F67: 1 | G67: 0 | H67: 46184 | I67: LP-OCIP (DMI) CCB_E70_EF12 | J67: 516300010626180 | K67: OK | L67: OK | M67: OK | N67: Rajinikanth | Q67: Rajinikanth | S67: Closed | T67: OK | U67: OK
A68: 64 | B68: IPQC | C68: D.Srishanth Reddy | D68: 6000043167 | E68: 1 | F68: 0 | G68: 1 | H68: 46184 | I68: LP-OCIP (DMI) CCB_E70_EF12 | J68: 516300010626181 | K68: Harness NOT connected to COMMON push button switch. | L68: Faulty components were replaced with correct one. | N68: Rajinikanth | P68: 1. Implemented the module Level functional testing for Critical Modules. 2. Introduce quality gate approval before dispatch. 3. Strengthen SOP adherence and process monitoring. | Q68: Rajinikanth | S68: Closed | T68: Missing Operation | U68: Assembly Errors
A69: 65 | B69: IPQC | C69: D.Srishanth Reddy | D69: 6000043167 | E69: 1 | F69: 0 | G69: 1 | H69: 46184 | I69: LP-OCIP (DMI) CCB_E70_EF12 | J69: 516300010626182 | K69: Loose fitment Rotary switch. | L69: 1.Reworked all defective assemblies and corrected loose/missing parts. 2. Conducted 100% inspection before release. | N69: Rajinikanth | P69: Provide detailed Procedures/work instructions at workstations | Q69: Rajinikanth | S69: Closed | T69: Loose Fitment | U69: Assembly Errors
A70: 66 | B70: IPQC | C70: D.Srishanth Reddy | D70: 6000043167 | E70: 1 | F70: 0 | G70: 1 | H70: 46184 | I70: LP-OCIP (DMI) CCB_E70_EF12 | J70: 516300010626182 | K70: Harness Loose connection to the Ack Push button. | L70: 1.Reworked all defective assemblies and corrected loose/missing parts 2. Conducted 100% inspection before release | N70: Rajinikanth | P70: Provide detailed Procedures/work instructions at workstations | Q70: Rajinikanth | S70: Closed | T70: Loose connection | U70: Assembly Errors
A71: 67 | B71: IPQC | C71: D.Srishanth Reddy | D71: 6000043167 | E71: 2 | F71: 2 | G71: 0 | H71: 46184 | I71: LP-OCIP (DMI) CCB_E70_EF12 | J71: 516300010626183-184 | K71: OK | L71: OK | M71: OK | N71: Rajinikanth | Q71: Rajinikanth | S71: Closed | T71: OK | U71: OK
A72: 68 | B72: IPQC | C72: D.Srishanth Reddy | D72: 6000043167 | E72: 1 | F72: 0 | G72: 1 | H72: 46184 | I72: LP-OCIP (DMI) CCB_E70_EF12 | J72: 516300010626185 | K72: Scratches on rating plate. | L72: 1.Reworked all defective assemblies and corrected loose/missing parts. 2. Conducted 100% inspection before release. | N72: Rajinikanth | P72: Provide detailed Procedures/work instructions at workstations. | Q72: Rajinikanth | S72: Closed | T72: Scratches | U72: Assembly Errors
A73: 69 | B73: IPQC | C73: D.Srishanth Reddy | D73: 6000043167 | E73: 1 | F73: 0 | G73: 1 | H73: 46184 | I73: LP-OCIP (DMI) CCB_E70_EF12 | J73: 516300010626186 | K73: Loose fitment MIL Connector MC11 / MC13 Male Connector. | L73: Tightened the connector with the buska tool as per its standards | N73: Rajinikanth | P73: The operator shall use the appropriate tools and equipment, including the Buska tool, as specified in the assembly procedure and follow the manufacturer’s instructions | Q73: Rajinikanth | S73: Closed | T73: Loose Fitment | U73: Assembly Errors
A74: 70 | B74: IPQC | C74: D.Srishanth Reddy | D74: 6000043167 | E74: 1 | F74: 0 | G74: 1 | H74: 46184 | I74: LP-OCIP (DMI) CCB_E70_EF12 | J74: 516300010626187 | K74: Loose fitment MIL Connector MC11 / MC13 Male Connector. | L74: Tightened the connector with the buska tool as per its standards | N74: Rajinikanth | P74: The operator shall use the appropriate tools and equipment, including the Buska tool, as specified in the assembly procedure and follow the manufacturer’s instructions | Q74: Rajinikanth | S74: Closed | T74: Loose Fitment | U74: Assembly Errors
A75: 71 | B75: IPQC | C75: J.Malavika | D75: 6000043167 | E75: 9 | F75: 9 | G75: 0 | H75: 12-106-2026 | I75: LP-OCIP (DMI) CCB_E70_EF12 | J75: 516300010626188-196 | K75: OK | L75: OK | M75: OK | N75: Rajinikanth | Q75: Rajinikanth | S75: Closed | T75: OK | U75: OK
A76: 72 | B76: IPQC | C76: J.Malavika | D76: 6000043167 | E76: 1 | F76: 0 | G76: 1 | H76: 12-106-2026 | I76: LP-OCIP (DMI) CCB_E70_EF12 | J76: 516300010626197 | K76: Display Low Brightness. | L76: Replace or repair the faulty display unit. check connections and test functionality post-repair. | N76: Rajinikanth | P76: Ensure proper handling and storage of display components | Q76: Rajinikanth | S76: Closed | T76: Display issue | U76: Functional issue
A77: 73 | B77: IPQC | C77: J.Malavika | D77: 6000043167 | E77: 2 | F77: 2 | G77: 0 | H77: 12-106-2026 | I77: LP-OCIP (DMI) CCB_E70_EF12 | J77: 516300010626198-199 | K77: OK | L77: OK | M77: OK | N77: Rajinikanth | Q77: Rajinikanth | S77: Closed | T77: OK | U77: OK
A78: 74 | B78: IPQC | C78: J.Malavika | D78: 6000043167 | E78: 1 | F78: 0 | G78: 1 | H78: 12-106-2026 | I78: LP-OCIP (DMI) CCB_E70_EF12 | J78: 516300010626200 | K78: Harness Loose connection to the SOS push button. | L78: 1.Reworked all defective assemblies and corrected loose/missing parts 2. Conducted 100% inspection before release | N78: Rajinikanth | P78: Provide detailed Procedures/work instructions at workstations | Q78: Rajinikanth | S78: Closed | T78: Loose connection | U78: Assembly Errors
A79: 75 | B79: IPQC | C79: J.Malavika | D79: 6000043167 | E79: 1 | F79: 0 | G79: 1 | H79: 12-106-2026 | I79: LP-OCIP (DMI) CCB_E70_EF12 | J79: 516300010626201 | K79: Harness Loose connection to the SOS push button. | L79: 1.Reworked all defective assemblies and corrected loose/missing parts 2. Conducted 100% inspection before release | N79: Rajinikanth | P79: Provide detailed Procedures/work instructions at workstations | Q79: Rajinikanth | S79: Closed | T79: Loose connection | U79: Assembly Errors
A80: 76 | B80: IPQC | C80: J.Malavika | D80: 6000043167 | E80: 2 | F80: 2 | G80: 0 | H80: 12-106-2026 | I80: LP-OCIP (DMI) CCB_E70_EF12 | J80: 516300010626202-203 | K80: OK | L80: OK | M80: OK | N80: Rajinikanth | Q80: Rajinikanth | S80: Closed | T80: OK | U80: OK
A81: 77 | B81: IPQC | C81: J.Malavika | D81: 6000043167 | E81: 1 | F81: 0 | G81: 1 | H81: 12-106-2026 | I81: LP-OCIP (DMI) CCB_E70_EF12 | J81: 516300010626204 | K81: Loose fitment Rotary switch. | L81: 1.Reworked all defective assemblies and corrected loose/missing parts. 2. Conducted 100% inspection before release. | N81: Rajinikanth | P81: Provide detailed Procedures/work instructions at workstations | Q81: Rajinikanth | S81: Closed | T81: Loose Fitment | U81: Assembly Errors
A82: 78 | B82: IPQC | C82: J.Malavika | D82: 6000043167 | E82: 5 | F82: 5 | G82: 0 | H82: 12-106-2026 | I82: LP-OCIP (DMI) CCB_E70_EF12 | J82: 516300010626205-209 | K82: OK | L82: OK | M82: OK | N82: Rajinikanth | Q82: Rajinikanth | S82: Closed | T82: OK | U82: OK
A83: 79 | B83: IPQC | C83: J.Malavika | D83: 6000043167 | E83: 5 | F83: 5 | G83: 0 | H83: 46186 | I83: LP-OCIP (DMI) CCB_E70_EF12 | J83: 516300010626210-214 | K83: OK | L83: OK | M83: OK | N83: Rajinikanth | Q83: Rajinikanth | S83: Closed | T83: OK | U83: OK
A84: 80 | B84: IPQC | C84: J.Malavika | D84: 6000043167 | E84: 1 | F84: 0 | G84: 1 | H84: 46186 | I84: LP-OCIP (DMI) CCB_E70_EF12 | J84: 516300010626215 | K84: Red DOT observed on display. | L84: Replace or repair the faulty display unit. check connections and test functionality post-repair. | N84: Rajinikanth | P84: Ensure proper handling and storage of display components | Q84: Rajinikanth | S84: Closed | T84: Display issue | U84: Functional issue
A85: 81 | B85: IPQC | C85: J.Malavika | D85: 6000043167 | E85: 1 | F85: 1 | G85: 0 | H85: 46186 | I85: LP-OCIP (DMI) CCB_E70_EF12 | J85: 516300010626216 | K85: OK | L85: OK | M85: OK | N85: Rajinikanth | Q85: Rajinikanth | S85: Closed | T85: OK | U85: OK
A86: 82 | B86: IPQC | C86: J.Malavika | D86: 6000043167 | E86: 1 | F86: 0 | G86: 1 | H86: 46186 | I86: LP-OCIP (DMI) CCB_E70_EF12 | J86: 516300010626217 | K86: Wire interchange of SOS & ACK harness. | L86: Rewire correctly as per schematic and label wires | N86: Rajinikanth | P86: Training should be given to the operator and implement wire labeling system | Q86: Rajinikanth | S86: Closed | T86: Wire Interchanged | U86: Assembly Errors
A87: 83 | B87: IPQC | C87: J.Malavika | D87: 6000043167 | E87: =224-217 -> 7 | F87: =224-217 -> 7 | G87: 0 | H87: 46186 | I87: LP-OCIP (DMI) CCB_E70_EF12 | J87: 516300010626218-224 | K87: OK | L87: OK | M87: OK | N87: Rajinikanth | Q87: Rajinikanth | S87: Closed | T87: OK | U87: OK
A88: 84 | B88: IPQC | C88: D.Srishanth Reddy | D88: 6000043167 | E88: =232-224 -> 8 | F88: =232-224 -> 8 | G88: 0 | H88: 46188 | I88: LP-OCIP (DMI) CCB_E70_EF12 | J88: 516300010626225-232 | K88: OK | L88: OK | M88: OK | N88: Rajinikanth | Q88: Rajinikanth | S88: Closed | T88: OK | U88: OK
A89: 85 | B89: IPQC | C89: D.Srishanth Reddy | D89: 6000043167 | E89: 1 | F89: 0 | G89: 1 | H89: 46188 | I89: LP-OCIP (DMI) CCB_E70_EF12 | J89: 516300010626233 | K89: Harness Loose connection to the SOS push button. | L89: 1.Reworked all defective assemblies and corrected loose/missing parts 2. Conducted 100% inspection before release | N89: Rajinikanth | P89: Provide detailed Procedures/work instructions at workstations | Q89: Rajinikanth | S89: Closed | T89: Loose connection | U89: Assembly Errors
A90: 86 | B90: IPQC | C90: D.Srishanth Reddy | D90: 6000043167 | E90: 4 | F90: 4 | G90: 0 | H90: 46188 | I90: LP-OCIP (DMI) CCB_E70_EF12 | J90: 516300010626234-237 | K90: OK | L90: OK | M90: OK | N90: Rajinikanth | Q90: Rajinikanth | S90: Closed | T90: OK | U90: OK
A91: 87 | B91: IPQC | C91: D.Srishanth Reddy | D91: 6000043167 | E91: 1 | F91: 0 | G91: 1 | H91: 46188 | I91: LP-OCIP (DMI) CCB_E70_EF12 | J91: 516300010626238 | K91: Harness Loose Connection to the Cancel push button switch. | L91: 1.Reworked all defective assemblies and corrected loose/missing parts 2. Conducted 100% inspection before release | N91: Rajinikanth | P91: Provide detailed Procedures/work instructions at workstations | Q91: Rajinikanth | S91: Closed | T91: Loose connection | U91: Assembly Errors
A92: 88 | B92: IPQC | C92: D.Srishanth Reddy | D92: 6000043167 | E92: =244-238 -> 6 | F92: =244-238 -> 6 | G92: 0 | H92: 46188 | I92: LP-OCIP (DMI) CCB_E70_EF12 | J92: 516300010626239-244 | K92: OK | L92: OK | M92: OK | N92: Rajinikanth | Q92: Rajinikanth | S92: Closed | T92: OK | U92: OK
A93: 89 | B93: IPQC | C93: D.Srishanth Reddy | D93: 6000043167 | E93: 1 | F93: 1 | G93: 0 | H93: 46189 | I93: LP-OCIP (DMI) CCB_E70_EF12 | J93: 516300010626245 | K93: OK | L93: OK | M93: OK | N93: Rajinikanth | Q93: Rajinikanth | S93: Closed | T93: OK | U93: OK
A94: 90 | B94: IPQC | C94: D.Srishanth Reddy | D94: 6000043167 | E94: 1 | F94: 0 | G94: 1 | H94: 46189 | I94: LP-OCIP (DMI) CCB_E70_EF12 | J94: 516300010626246 | K94: Loose fitment MIL Connector MC11 / MC13 Male Connector. | L94: Tightened the connector with the buska tool as per its standards | N94: Rajinikanth | P94: The operator shall use the appropriate tools and equipment, including the Buska tool, as specified in the assembly procedure and follow the manufacturer’s instructions | Q94: Rajinikanth | S94: Closed | T94: Loose Fitment | U94: Assembly Errors
A95: 91 | B95: IPQC | C95: D.Srishanth Reddy | D95: 6000043167 | E95: 7 | F95: 7 | G95: 0 | H95: 46189 | I95: LP-OCIP (DMI) CCB_E70_EF12 | J95: 516300010626247-253 | K95: OK | L95: OK | M95: OK | N95: Rajinikanth | Q95: Rajinikanth | S95: Closed | T95: OK | U95: OK
A96: 92 | B96: IPQC | C96: D.Srishanth Reddy | D96: 6000043167 | E96: 1 | F96: 0 | G96: 1 | H96: 46189 | I96: LP-OCIP (DMI) CCB_E70_EF12 | J96: 516300010626254 | K96: Loose fitment MIL Connector MC11 / MC13 Male Connector. | L96: Tightened the connector with the buska tool as per its standards | N96: Rajinikanth | P96: The operator shall use the appropriate tools and equipment, including the Buska tool, as specified in the assembly procedure and follow the manufacturer’s instructions | Q96: Rajinikanth | S96: Closed | T96: Loose Fitment | U96: Assembly Errors
A97: 93 | B97: IPQC | C97: D.Srishanth Reddy | D97: 6000043167 | E97: 1 | F97: 1 | G97: 0 | H97: 46189 | I97: LP-OCIP (DMI) CCB_E70_EF12 | J97: 516300010626255 | K97: OK | L97: OK | M97: OK | N97: Rajinikanth | Q97: Rajinikanth | S97: Closed | T97: OK | U97: OK
A98: 94 | B98: IPQC | C98: D.Srishanth Reddy | D98: 6000043167 | E98: 4 | F98: 4 | G98: 0 | H98: 46190 | I98: LP-OCIP (DMI) CCB_E70_EF12 | J98: 516300010626256-259 | K98: OK | L98: OK | M98: OK | N98: Rajinikanth | Q98: Rajinikanth | S98: Closed | T98: OK | U98: OK
A99: 95 | B99: IPQC | C99: D.Srishanth Reddy | D99: 6000043167 | E99: 1 | F99: 0 | G99: 1 | H99: 46193 | I99: LP-OCIP (DMI) CCB_E70_EF12 | J99: 516300010626260 | K99: Loose fitment Rotary switch. | L99: 1.Reworked all defective assemblies and corrected loose/missing parts. 2. Conducted 100% inspection before release. | N99: Rajinikanth | P99: Provide detailed Procedures/work instructions at workstations | Q99: Rajinikanth | S99: Closed | T99: Loose Fitment | U99: Assembly Errors
A100: 96 | B100: IPQC | C100: D.Srishanth Reddy | D100: 6000043167 | E100: 1 | F100: 0 | G100: 1 | H100: 46193 | I100: LP-OCIP (DMI) CCB_E70_EF12 | J100: 516300010626261 | K100: Loose fitment Rotary switch. | L100: 1.Reworked all defective assemblies and corrected loose/missing parts. 2. Conducted 100% inspection before release. | N100: Rajinikanth | P100: Provide detailed Procedures/work instructions at workstations | Q100: Rajinikanth | S100: Closed | T100: Loose Fitment | U100: Assembly Errors
...

Sheet SUMMARY -  MINI LOCO
A2: MINI LOCO Failure Summary – April to September _2026
B4: LOCO | C4: Total inspection Quantity | D4: Total Accepted Quantity | E4: Total Defect Quantity | F4: FTR% | G4: Defect % | I4: Category of the problem | J4: Defect QTY | K4: Cumulative QTY | L4: Cumulative (%) | M4: Defect Contribution (%)
B5: TYPE OF MODULE | C5: =SUM('MINI LOCO DATA APR - SEPT 2026'!F4:F422) -> 1413 | D5: =SUM('MINI LOCO DATA APR - SEPT 2026'!G4:G422) -> 1246 | E5: =SUM('MINI LOCO DATA APR - SEPT 2026'!H4:H422) -> 167 | F5: =D5/C5 -> 0.88181175 | G5: =E5/C5 -> 0.11818825 | I5: Assembly Errors | J5: 160 | K5: =J5 -> 160 | L5: =K5/$K$6 -> 0.90909091 | M5: =J5/$K$6 -> 0.90909091
B6: MINI LOCO | C6: =SUMIF('MINI LOCO DATA APR - SEPT 2026'!$J$4:$J$422,$B6,'MINI LOCO DATA APR - SEPT 2026'!F$4:F$422) -> 821 | D6: =SUMIF('MINI LOCO DATA APR - SEPT 2026'!$J$4:$J$422,$B6,'MINI LOCO DATA APR - SEPT 2026'!G$4:G$422) -> 725 | E6: =SUMIF('MINI LOCO DATA APR - SEPT 2026'!$J$4:$J$422,$B6,'MINI LOCO DATA APR - SEPT 2026'!H$4:H$422) -> 96 | F6: =D6/C6 -> 0.88306943 | G6: =E6/C6 -> 0.11693057 | I6: Damages | J6: 16 | K6: =K5+J6 -> 176 | L6: =K6/$K$6 -> 1 | M6: =J6/$K$6 -> 0.090909091
B7: ICF MINI LOCO | C7: =SUMIF('MINI LOCO DATA APR - SEPT 2026'!$J$4:$J$422,$B7,'MINI LOCO DATA APR - SEPT 2026'!F$4:F$422) -> 287 | D7: =SUMIF('MINI LOCO DATA APR - SEPT 2026'!$J$4:$J$422,$B7,'MINI LOCO DATA APR - SEPT 2026'!G$4:G$422) -> 251 | E7: =SUMIF('MINI LOCO DATA APR - SEPT 2026'!$J$4:$J$422,$B7,'MINI LOCO DATA APR - SEPT 2026'!H$4:H$422) -> 36 | F7: =D7/C7 -> 0.87456446 | G7: =E7/C7 -> 0.12543554
B8: ICF EMU | C8: 124 | D8: 110 | E8: 14 | F8: =D8/C8 -> 0.88709677 | G8: =E8/C8 -> 0.11290323
B9: ICF MEMU | C9: =SUMIF('MINI LOCO DATA APR - SEPT 2026'!$J$4:$J$422,$B9,'MINI LOCO DATA APR - SEPT 2026'!F$4:F$422) -> 122 | D9: =SUMIF('MINI LOCO DATA APR - SEPT 2026'!$J$4:$J$422,$B9,'MINI LOCO DATA APR - SEPT 2026'!G$4:G$422) -> 113 | E9: =SUMIF('MINI LOCO DATA APR - SEPT 2026'!$J$4:$J$422,$B9,'MINI LOCO DATA APR - SEPT 2026'!H$4:H$422) -> 9 | F9: =D9/C9 -> 0.92622951 | G9: =E9/C9 -> 0.073770492
B10: DIESEL LOCO | C10: =SUMIF('MINI LOCO DATA APR - SEPT 2026'!$J$4:$J$422,$B10,'MINI LOCO DATA APR - SEPT 2026'!F$4:F$422) -> 34 | D10: =SUMIF('MINI LOCO DATA APR - SEPT 2026'!$J$4:$J$422,$B10,'MINI LOCO DATA APR - SEPT 2026'!G$4:G$422) -> 27 | E10: =SUMIF('MINI LOCO DATA APR - SEPT 2026'!$J$4:$J$422,$B10,'MINI LOCO DATA APR - SEPT 2026'!H$4:H$422) -> 7 | F10: =D10/C10 -> 0.79411765 | G10: =E10/C10 -> 0.20588235
B11: LAB LOCO | C11: =SUMIF('MINI LOCO DATA APR - SEPT 2026'!$J$4:$J$422,$B11,'MINI LOCO DATA APR - SEPT 2026'!F$4:F$422) -> 21 | D11: =SUMIF('MINI LOCO DATA APR - SEPT 2026'!$J$4:$J$422,$B11,'MINI LOCO DATA APR - SEPT 2026'!G$4:G$422) -> 16 | E11: =SUMIF('MINI LOCO DATA APR - SEPT 2026'!$J$4:$J$422,$B11,'MINI LOCO DATA APR - SEPT 2026'!H$4:H$422) -> 5 | F11: =D11/C11 -> 0.76190476 | G11: =E11/C11 -> 0.23809524
B12: HHP LOCO | C12: =SUMIF('MINI LOCO DATA APR - SEPT 2026'!$J$4:$J$422,$B12,'MINI LOCO DATA APR - SEPT 2026'!F$4:F$422) -> 2 | D12: =SUMIF('MINI LOCO DATA APR - SEPT 2026'!$J$4:$J$422,$B12,'MINI LOCO DATA APR - SEPT 2026'!G$4:G$422) -> 2 | E12: =SUMIF('MINI LOCO DATA APR - SEPT 2026'!$J$4:$J$422,$B12,'MINI LOCO DATA APR - SEPT 2026'!H$4:H$422) -> 0 | F12: =D12/C12 -> 1 | G12: =E12/C12 -> 0
B13: D9 LOCO | C13: =SUMIF('MINI LOCO DATA APR - SEPT 2026'!$J$4:$J$422,$B13,'MINI LOCO DATA APR - SEPT 2026'!F$4:F$422) -> 2 | D13: =SUMIF('MINI LOCO DATA APR - SEPT 2026'!$J$4:$J$422,$B13,'MINI LOCO DATA APR - SEPT 2026'!G$4:G$422) -> 2 | E13: =SUMIF('MINI LOCO DATA APR - SEPT 2026'!$J$4:$J$422,$B13,'MINI LOCO DATA APR - SEPT 2026'!H$4:H$422) -> 0 | F13: =D13/C13 -> 1 | G13: =E13/C13 -> 0
B14: Grand Total
B16: Sub Category of the problem | C16: No of issues Quantity | D16: Cumulative Quantity | E16: Cumulative (%) | F16: Defect Contribution (%)
B17: Loose Fitment | C17: 95 | D17: =C17 -> 95 | E17: =D17/$D$26 -> 0.53672316 | F17: =C17/$D$26 -> 0.53672316
B18: Wrong Operation | C18: 36 | D18: =C18+D17 -> 131 | E18: =D18/$D$26 -> 0.74011299 | F18: =C18/$D$26 -> 0.20338983
B19: Wires Interchanged | C19: 10 | D19: =D18+C19 -> 141 | E19: =D19/$D$26 -> 0.79661017 | F19: =C19/$D$26 -> 0.056497175
B20: Missing Component | C20: 8 | D20: =D19+C20 -> 149 | E20: =D20/$D$26 -> 0.84180791 | F20: =C20/$D$26 -> 0.04519774
B21: Interchange of PCBAs | C21: 6 | D21: =D20+C21 -> 155 | E21: =D21/$D$26 -> 0.87570621 | F21: =C21/$D$26 -> 0.033898305
B22: Paint Peel off | C22: 6 | D22: =D21+C22 -> 161 | E22: =D22/$D$26 -> 0.90960452 | F22: =C22/$D$26 -> 0.033898305
B23: Damaged component | C23: 5 | D23: =D22+C23 -> 166 | E23: =D23/$D$26 -> 0.93785311 | F23: =C23/$D$26 -> 0.028248588
B24: Scratches | C24: 5 | D24: =D23+C24 -> 171 | E24: =D24/$D$26 -> 0.96610169 | F24: =C24/$D$26 -> 0.028248588
B25: Wrong label | C25: 4 | D25: =D24+C25 -> 175 | E25: =D25/$D$26 -> 0.98870056 | F25: =C25/$D$26 -> 0.02259887
B26: Rust | C26: 2 | D26: =D25+C26 -> 177 | E26: =D26/$D$26 -> 1 | F26: =C26/$D$26 -> 0.011299435

Sheet MINI LOCO DATA APR - SEPT 2026
E2: TOTAL | F2: =SUM(F4:F1142) -> 1414 | G2: =SUM(G4:G1412) -> 1247 | H2: =SUM(H4:H1412) -> 167
A3: # | B3: Failure detected Area IPQC | C3: Failure Reported by (Name of QC Eng) | D3: Module Type /Project | E3: Part Number | F3: Production QTY ( Nos) | G3: Accepted QTY ( Nos) | H3: Defect QTY ( Nos) | I3: Date of occurrence of failures | J3: Name of Failed item (Main Unit / Module / Sub-module / component) | K3: Sl No of failed item | L3: "Observed Problem (First information Report)" | M3: Root Cause of failure | N3: Action to be taken (Corrective action) | O3: Responsible person | P3: Target Date | Q3: Preventive Action | R3: Responsible person.1 | S3: Target Date.1 | T3: Status (Issue Closed / Open) | U3: Sub Category | V3: Category of Problem | W3: Remarks, if any
A4: 1 | B4: IPQC | C4: M.Laharika | D4: WR ADI E70 | E4: 6000053421 | F4: 1 | G4: 1 | H4: 0 | I4: 46121 | J4: MINI LOCO | K4: 516301480426001 | L4: OK | O4: Kiran | P4: =I4+1 -> 46122 | R4: Kiran | S4: =I4+1 -> 46122 | T4: Closed
A5: 2 | B5: IPQC | C5: M. Laharika | D5: WR ADI E70 | E5: 6000053421 | F5: 1 | G5: 0 | H5: 1 | I5: 46121 | J5: MINI LOCO | K5: 516301480426002 | L5: Wrong Pin blocking for Voter Card J1 connecter | M5: Wrong pin blocking occurred because the J1 connector was not correctly aligned/positioned during assembly. The connector orientation and pin location were not adequately verified before fitment, allowing the wrong pin to get blocked | N5: 1. Removed the wrongly fitted/blocked J1 connector and corrected the pin position. 2. Inspected all J1 connectors in the affected lot for proper pin alignment. 3. Verified the corrected assembly with the drawing/specification and electrical continuity check. | O5: Kiran | P5: =I5+1 -> 46122 | Q5: 1. Added a clear J1 connector orientation/pin-marking at the assembly station. 2. Updated the work instruction with a reference picture showing the correct pin position. 3. Trained operators on correct J1 connector orientation and pin verification. 4. Introduced a first-piece verification and periodic pin-position check during production. | R5: Kiran | S5: =I5+1 -> 46122 | T5: Closed | U5: Wrong Operation | V5: Assembly Errors
A6: 3 | B6: IPQC | C6: M. Laharika | D6: WR ADI E70 | E6: 6000053421 | F6: 4 | G6: 4 | H6: 0 | I6: 46121 | J6: MINI LOCO | K6: 516301480426003-006 | L6: OK | O6: Kiran | P6: =I6+1 -> 46122 | R6: Kiran | S6: =I6+1 -> 46122 | T6: Closed
A7: 4 | B7: IPQC | C7: D.Srishanth Reddy & E.VAMSHI | D7: WR ADI E70 | E7: 6000053421 | F7: 19 | G7: 19 | H7: 0 | I7: 46122 | J7: MINI LOCO | K7: 516301480426007-025 | L7: OK | O7: Kiran | P7: =I7+1 -> 46123 | R7: Kiran | S7: =I7+1 -> 46123 | T7: Closed
A8: 5 | B8: IPQC | C8: M.Laharika & G.sravanthi | D8: BLW-2 E70 | E8: 6000053421 | F8: 6 | G8: 6 | H8: 0 | I8: 46141 | J8: MINI LOCO | K8: 516301480426026-031 | L8: OK | O8: Kiran | P8: =I8+1 -> 46142 | R8: Kiran | S8: =I8+1 -> 46142 | T8: Closed
A9: 6 | B9: IPQC | C9: M.Laharika & G.sravanthi | D9: BLW-2 E70 | E9: 6000053421 | F9: 1 | G9: 0 | H9: 1 | I9: 46141 | J9: MINI LOCO | K9: 516301480426032 | L9: Screw missing at 19"4U Rack Bottom Rack. | O9: Kiran | P9: =I9+1 -> 46142 | R9: Kiran | S9: =I9+1 -> 46142 | T9: Closed | U9: Missing Component | V9: Assembly Errors
A10: 7 | B10: IPQC | C10: M.Laharika & G.sravanthi | D10: BLW-2 E70 | E10: 6000053421 | F10: 1 | G10: 1 | H10: 0 | I10: 46141 | J10: MINI LOCO | K10: 516301480426033 | L10: OK | O10: Kiran | P10: =I10+1 -> 46142 | R10: Kiran | S10: =I10+1 -> 46142 | T10: Closed
A11: 8 | B11: IPQC | C11: M.Laharika & G.sravanthi | D11: BLW-2 E70 | E11: 6000053421 | F11: 1 | G11: 0 | H11: 1 | I11: 46141 | J11: MINI LOCO | K11: 516301480426034 | L11: Paint peel off on the front side of the door Top corrner | O11: Kiran | P11: =I11+1 -> 46142 | R11: Kiran | S11: =I11+1 -> 46142 | T11: Closed | U11: Paint Peel off | V11: Damages
A12: 9 | B12: IPQC | C12: M.Laharika & G.sravanthi | D12: BLW-2 E70 | E12: 6000053421 | F12: 1 | G12: 1 | H12: 0 | I12: 46141 | J12: MINI LOCO | K12: 516301480426035 | L12: OK | O12: Kiran | P12: =I12+1 -> 46142 | R12: Kiran | S12: =I12+1 -> 46142 | T12: Closed
A13: 10 | B13: IPQC | C13: M. Laharika | D13: BLW-2 E70 | E13: 6000053421 | F13: 5 | G13: 5 | H13: 0 | I13: 46170 | J13: MINI LOCO | K13: 516301480526074-078 | L13: OK | O13: Kiran | P13: =I13+1 -> 46171 | R13: Kiran | S13: =I13+1 -> 46171 | T13: Closed
A14: 11 | B14: IPQC | C14: M. Laharika | D14: BLW-2 E70 | E14: 6000053421 | F14: 1 | G14: 0 | H14: 1 | I14: 46170 | J14: MINI LOCO | K14: 516301480526079 | L14: Loose fitment at DPS-2 (M5*20mm)screws. Right middle of the Enclosure. | M14: Dps-2 screws were not tightened properly during assembly. Proper torque was not followed/verified by the operator. Final inspection did not identify the loose screws. | N14: Removed and refitted the loose screws properly. Tightened the DPS-2 screws to the specified torque. Checked all other heat sink screws for proper tightness and fitment. | O14: Kiran | P14: =I14+1 -> 46171 | Q14: Ensure the specified torque is followed during DPS-2 assembly. Use a calibrated torque screwdriver for tightening. Add heat sink screw torque verification to the assembly checklist. Conduct periodic operator training and final inspection to prevent recurrence. | R14: Kiran | S14: =I14+1 -> 46171 | T14: Closed | U14: Loose Fitment | V14: Assembly Errors
A15: 12 | B15: IPQC | C15: M. Laharika | D15: BLW-2 E70 | E15: 6000053421 | F15: 1 | G15: 1 | H15: 0 | I15: 46170 | J15: MINI LOCO | K15: 516301480526080 | L15: OK | O15: Kiran | P15: =I15+1 -> 46171 | R15: Kiran | S15: =I15+1 -> 46171 | T15: Closed
A16: 13 | B16: IPQC | C16: M. Laharika | D16: BLW-2 E70 | E16: 6000053421 | F16: 1 | G16: 0 | H16: 1 | I16: 46170 | J16: MINI LOCO | K16: 516301480526081 | L16: Loose fitment at DPS-2 (M5*20mm)screws. Left side top of the Enclosure. | M16: Dps-2 screws were not tightened properly during assembly. Proper torque was not followed/verified by the operator. Final inspection did not identify the loose screws. | N16: Removed and refitted the loose screws properly. Tightened the DPS-2 screws to the specified torque. Checked all other heat sink screws for proper tightness and fitment. | O16: Kiran | P16: =I16+1 -> 46171 | Q16: Ensure the specified torque is followed during DPS-2 assembly. Use a calibrated torque screwdriver for tightening. Add heat sink screw torque verification to the assembly checklist. Conduct periodic operator training and final inspection to prevent recurrence. | R16: Kiran | S16: =I16+1 -> 46171 | T16: Closed | U16: Loose Fitment | V16: Assembly Errors
A17: 14 | B17: IPQC | C17: M. Laharika | D17: BLW-2 E70 | E17: 6000053421 | F17: 2 | G17: 2 | H17: 0 | I17: 46170 | J17: MINI LOCO | K17: 516301480526082-083 | L17: OK | O17: Kiran | P17: =I17+1 -> 46171 | R17: Kiran | S17: =I17+1 -> 46171 | T17: Closed
A18: 15 | B18: IPQC | C18: M. Laharika | D18: BLW-2 E70 | E18: 6000053421 | F18: 1 | G18: 0 | H18: 1 | I18: 46170 | J18: MINI LOCO | K18: 516301480526084 | L18: Screws are missing at front side top of 4U rack | M18: Screws were not fitted properly during rack assembly. Operator missed the screw-fitting point during final assembly/inspection. No proper checklist or verification was followed after tightening the screws. | N18: Installed the missing screws immediately and tightened them properly. Checked all other screws on the front-side top rack for proper fitment and tightness. Confirmed the rack is securely assembled. | O18: Kiran | P18: =I18+1 -> 46171 | Q18: Introduce a screw-fitment checklist for every rack assembly. Operator to verify all screw locations before moving the rack to the next process. Add a final visual inspection for missing/loose screws. Provide awareness/training to operators on the importance of complete screw fitment. | R18: Kiran | S18: =I18+1 -> 46171 | T18: Closed | U18: Missing Component | V18: Assembly Errors
A19: 16 | B19: IPQC | C19: M. Laharika | D19: BLW-2 E70 | E19: 6000053421 | F19: 2 | G19: 2 | H19: 0 | I19: 46170 | J19: MINI LOCO | K19: 516301480526085-086 | L19: OK | O19: Kiran | P19: =I19+1 -> 46171 | R19: Kiran | S19: =I19+1 -> 46171 | T19: Closed
A20: 17 | B20: IPQC | C20: M. Laharika | D20: SWR IRCON CCB | E20: 6000053421 | F20: 2 | G20: 2 | H20: 0 | I20: 46177 | J20: MINI LOCO | K20: 516301480626087-088 | L20: OK | O20: Kiran | P20: =I20+1 -> 46178 | R20: Kiran | S20: =I20+1 -> 46178 | T20: Closed
A21: 18 | B21: IPQC | C21: M.Laharika & E. Vamshi | D21: PLW E70 | E21: 6000053421 | F21: 13 | G21: 13 | H21: 0 | I21: 46181 | J21: MINI LOCO | K21: 516301480626089-101 | L21: OK | O21: Kiran | P21: =I21+1 -> 46182 | R21: Kiran | S21: =I21+1 -> 46182 | T21: Closed
A22: 19 | B22: IPQC | C22: M.Laharika & E. Vamshi | D22: PLW CCB | E22: 6000053421 | F22: 2 | G22: 2 | H22: 0 | I22: 46182 | J22: MINI LOCO | K22: 516301480626102-103 | L22: OK | O22: Kiran | P22: =I22+1 -> 46183 | R22: Kiran | S22: =I22+1 -> 46183 | T22: Closed
A23: 20 | B23: IPQC | C23: M.Laharika & E. Vamshi | D23: PLW CCB | E23: 6000053421 | F23: 1 | G23: 0 | H23: 1 | I23: 46182 | J23: MINI LOCO | K23: 516301480626104 | L23: No pin cutting at PPC-1 & 2 PCBA card J11 & J12 Connecters | M23: Bent or missing pins due to handling, transport, or incorrect placement. Poor seating in the PCB through-hole or SMT pads can cause intermittent or absent connectivity. | N23: Reflow or manually resolder each pin on J11 and J12. Ensure proper wetting and solder fillet formation. | O23: Kiran | P23: =I23+1 -> 46183 | Q23: Introduce checklists in assembly SOPs to explicitly verify pin cutting steps. Implement mandatory inspection points: Before soldering, after pin cutting, and post-reflow. | R23: Kiran | S23: =I23+1 -> 46183 | T23: Closed | U23: Wrong Operation | V23: Assembly Errors
A24: 21 | B24: IPQC | C24: M. Laharika | D24: PLW CCB | E24: 6000053421 | F24: 3 | G24: 3 | H24: 0 | I24: 46182 | J24: MINI LOCO | K24: 516301480626105-107 | L24: OK | O24: Kiran | P24: =I24+1 -> 46183 | R24: Kiran | S24: =I24+1 -> 46183 | T24: Closed
A25: 22 | B25: IPQC | C25: M.Laharika & E. Vamshi | D25: PLW CCB | E25: 6000053421 | F25: 1 | G25: 0 | H25: 1 | I25: 46182 | J25: MINI LOCO | K25: 516301480626108 | L25: Loose Fitment 10.6'' 4U Rack Rear side Bottom screws. (M6*16mm). | O25: Kiran | P25: =I25+1 -> 46183 | R25: Kiran | S25: =I25+1 -> 46183 | T25: Closed | U25: Loose Fitment | V25: Assembly Errors
A26: 23 | B26: IPQC | C26: M. Laharika | D26: WR ADI CCB | E26: 6000053421 | F26: 3 | G26: 3 | H26: 0 | I26: 46183 | J26: MINI LOCO | K26: 516301480626109-111 | L26: OK | O26: Kiran | P26: =I26+1 -> 46184 | R26: Kiran | S26: =I26+1 -> 46184 | T26: Closed
A27: 24 | B27: IPQC | C27: M. Laharika | D27: CLW-3 E70 | E27: 6000053421 | F27: 1 | G27: 1 | H27: 0 | I27: 46186 | J27: MINI LOCO | K27: 516301480626112 | L27: OK | O27: Kiran | P27: =I27+1 -> 46187 | R27: Kiran | S27: =I27+1 -> 46187 | T27: Closed
A28: 25 | B28: IPQC | C28: M. Laharika | D28: CLW-3 E70 | E28: 6000053421 | F28: 1 | G28: 0 | H28: 1 | I28: 46186 | J28: MINI LOCO | K28: 516301480626113 | L28: Loose fitment 10.6" 4U Rack frount side Bottom All screw (M6*16mm). | O28: Kiran | P28: =I28+1 -> 46187 | R28: Kiran | S28: =I28+1 -> 46187 | T28: Closed | U28: Loose Fitment | V28: Assembly Errors
A29: 26 | B29: IPQC | C29: M. Laharika | D29: CLW-3 E70 | E29: 6000053421 | F29: 2 | G29: 2 | H29: 0 | I29: 46186 | J29: MINI LOCO | K29: 516301480626114-115 | L29: OK | O29: Kiran | P29: =I29+1 -> 46187 | R29: Kiran | S29: =I29+1 -> 46187 | T29: Closed
A30: 27 | B30: IPQC | C30: M. Laharika | D30: CLW-3 E70 | E30: 6000053421 | F30: 1 | G30: 0 | H30: 1 | I30: 46186 | J30: MINI LOCO | K30: 516301480626116 | L30: MIL Connecter Label missing at bottom of the Enclosure(CN1,CN2,MC10,MC9). | O30: Kiran | P30: =I30+1 -> 46187 | R30: Kiran | S30: =I30+1 -> 46187 | T30: Closed | U30: Missing Component | V30: Assembly Errors
A31: 28 | B31: IPQC | C31: M. Laharika | D31: CLW-3 E70 | E31: 6000053421 | F31: 5 | G31: 5 | H31: 0 | I31: 46188 | J31: MINI LOCO | K31: 516301480626117-121 | L31: OK | O31: Kiran | P31: =I31+1 -> 46189 | R31: Kiran | S31: =I31+1 -> 46189 | T31: Closed
A32: 29 | B32: IPQC | C32: M. Laharika | D32: CLW-3 E70 | E32: 6000053421 | F32: 1 | G32: 0 | H32: 1 | I32: 46188 | J32: MINI LOCO | K32: 516301480626122 | L32: MIL Connecter Label missing (CN1,CN2,MC10,MC9,MC6,MC7,MC22,MC3,MC5). | M32: During assembly, the MIL connector labels were missed due to improper identification/verification of connector labeling. The operator did not follow the label-checking process before moving the unit to the next stage. | N32: Installed the required labels on CN1, CN2, MC10, MC9, MC6, MC7, MC22, MC3 and MC5 as per the drawing/assembly specification. The labels were checked for correct position, readability and proper adhesion. | O32: Kiran | P32: =I32+1 -> 46189 | Q32: Added connector-label verification to the assembly inspection checklist. Operator was instructed to verify all connector labels against the drawing before final inspection. A 100% visual check of connector labeling will be carried out before dispatch. | R32: Kiran | S32: =I32+1 -> 46189 | T32: Closed | U32: Missing Component | V32: Assembly Errors
A33: 30 | B33: IPQC | C33: M. Laharika | D33: CLW-3 E70 | E33: 6000053421 | F33: 1 | G33: 0 | H33: 1 | I33: 46188 | J33: MINI LOCO | K33: 516301480626123 | L33: Rust observed at left side bottom of the Enclosure. | O33: Kiran | P33: =I33+1 -> 46189 | R33: Kiran | S33: =I33+1 -> 46189 | T33: Closed | U33: Rust | V33: Damages
A34: 31 | B34: IPQC | C34: M. Laharika | D34: CLW-3 E70 | E34: 6000053421 | F34: 8 | G34: 8 | H34: 0 | I34: 46188 | J34: MINI LOCO | K34: 516301480626124-131 | L34: OK | O34: Kiran | P34: =I34+1 -> 46189 | R34: Kiran | S34: =I34+1 -> 46189 | T34: Closed
A35: 32 | B35: IPQC | C35: M. Laharika | D35: WR ADI CCB | E35: 6000053421 | F35: 1 | G35: 0 | H35: 1 | I35: 46192 | J35: MINI LOCO | K35: 516301480626132 | L35: Wire interchanged at DPS-2 PCBA card J11 & J15 Connecter | M35: Wires at connectors J11 and J15 were interchanged during assembly due to improper wire identification and lack of verification before connection. The operator did not cross-check the wire position with the drawing/wiring schedule. Similar-looking wires/connectors increased the possibility of wrong insertion. | N35: Removed the wrongly connected wires and reconnected them correctly at J11 and J15 as per the approved drawing. Performed continuity and functional testing after correction. Inspected other wires on the same PCBA to confirm there were no similar issues. Briefed the concerned operator about correct wire identification and connection. | O35: Kiran | P35: =I35+1 -> 46193 | Q35: Provide clear wire labels/markers for J11 and J15 to avoid confusion. Introduce a 100% visual and point-to-point verification after wiring. Add a second-person inspection for critical connector wiring. Keep the latest approved wiring drawing available at the workstation. Provide refresher training to operators on connector identification and wiring verification. | R35: Kiran | S35: =I35+1 -> 46193 | T35: Closed | U35: Wires Interchanged | V35: Assembly Errors
A36: 33 | B36: IPQC | C36: M. Laharika | D36: WR ADI CCB | E36: 6000053421 | I36: 46192 | J36: MINI LOCO | K36: 516301480626132 | L36: Door issuse (glass is out side gas cut). | O36: Kiran | P36: =I36+1 -> 46193 | R36: Kiran | S36: =I36+1 -> 46193 | T36: Closed | U36: Wrong Operation | V36: Assembly Errors
A37: 34 | B37: IPQC | C37: M. Laharika | D37: WR ADI CCB | E37: 6000053421 | F37: 5 | G37: 5 | H37: 0 | I37: 46192 | J37: MINI LOCO | K37: 516301480626133-137 | L37: OK | O37: Kiran | P37: =I37+1 -> 46193 | R37: Kiran | S37: =I37+1 -> 46193 | T37: Closed
A38: 35 | B38: IPQC | C38: M. Laharika | D38: WR ADI CCB | E38: 6000053421 | F38: 1 | G38: 0 | H38: 1 | I38: 46192 | J38: MINI LOCO | K38: 516301480626138 | L38: Loose fitment earth cable Right side bottom of the Enclosure. | O38: Kiran | P38: =I38+1 -> 46193 | R38: Kiran | S38: =I38+1 -> 46193 | T38: Closed | U38: Loose Fitment | V38: Assembly Errors
A39: 36 | B39: IPQC | C39: M. Laharika | D39: CLW-3 CCB | E39: 6000053421 | F39: 2 | G39: 2 | H39: 0 | I39: 46192 | J39: MINI LOCO | K39: 516301480626139-140 | L39: OK | O39: Kiran | P39: =I39+1 -> 46193 | R39: Kiran | S39: =I39+1 -> 46193 | T39: Closed
A40: 37 | B40: IPQC | C40: M. Laharika | D40: CLW-3 E70 | E40: 6000053421 | F40: 1 | G40: 1 | H40: 0 | I40: 46192 | J40: MINI LOCO | K40: 516301480626141 | L40: OK | O40: Kiran | P40: =I40+1 -> 46193 | S40: =I40+1 -> 46193
A41: 38 | B41: IPQC | C41: M. Laharika | D41: CLW-3 E70 | E41: 6000053421 | F41: 1 | G41: 0 | H41: 1 | I41: 46192 | J41: MINI LOCO | K41: 516301480626142 | L41: Label erased at VTR-2 facia. | O41: Kiran | P41: =I41+1 -> 46193 | R41: Kiran | S41: =I41+1 -> 46193 | T41: Closed | U41: Wrong label | V41: Assembly Errors
A42: 39 | B42: IPQC | C42: M. Laharika | D42: CLW-3 E70 | E42: 6000053421 | F42: 2 | G42: 2 | H42: 0 | I42: 46192 | J42: MINI LOCO | K42: 516301480626143-144 | L42: OK | O42: Kiran | P42: =I42+1 -> 46193 | R42: Kiran | S42: =I42+1 -> 46193 | T42: Closed
A43: 40 | B43: IPQC | C43: M. Laharika | D43: CLW-3 E70 | E43: 6000053421 | F43: 4 | G43: 4 | H43: 0 | I43: 46193 | J43: MINI LOCO | K43: 516301480626145 - 148 | L43: OK | O43: Kiran | P43: =I43+1 -> 46194 | R43: Kiran | S43: =I43+1 -> 46194 | T43: Closed
A44: 41 | B44: IPQC | C44: M. Laharika | D44: CLW-3 E70 | E44: 6000053421 | F44: 1 | G44: 0 | H44: 1 | I44: 46193 | J44: MINI LOCO | K44: 516301480626149 | L44: Loose fitment at left side bottom of the Enclosure screw(M6*16mm). | M44: Improper tightening/torque application of the M6 × 16 mm socket head screws during assembly. | N44: Re-tighten / rework affected units using the specfiied torque and inspect the jiont. | O44: Kiran | P44: =I44+1 -> 46194 | Q44: Ensure the specified torque value is clearly defined in the assembly work instruction. | R44: Kiran | S44: =I44+1 -> 46194 | T44: Closed | U44: Loose Fitment | V44: Assembly Errors
A45: 42 | B45: IPQC | C45: M. Laharika | D45: CLW-3 E70 | E45: 6000053421 | F45: 2 | G45: 2 | H45: 0 | I45: 46193 | J45: MINI LOCO | K45: 516301480626150-151 | L45: OK | O45: Kiran | P45: =I45+1 -> 46194 | R45: Kiran | S45: =I45+1 -> 46194 | T45: Closed
A46: 43 | B46: IPQC | C46: M. Laharika | D46: CLW-3 E70 | E46: 6000053421 | F46: 4 | G46: 4 | H46: 0 | I46: 46197 | J46: MINI LOCO | K46: 516301480626152-155 | L46: OK | O46: Kiran | P46: =I46+1 -> 46198 | R46: Kiran | S46: =I46+1 -> 46198 | T46: Closed
A47: 44 | B47: IPQC | C47: M. Laharika | D47: CLW-3 E70 | E47: 6000053421 | F47: 1 | G47: 0 | H47: 1 | I47: 46197 | J47: MINI LOCO | K47: 516301480626156 | L47: No pin cutting at VTR1&2 PCBA card J3 & J4 Connecter, CABI/P 1 & PCBA card J2 & J3 Connecter. | M47: Bent or missing pins due to handling, transport, or incorrect placement. Poor seating in the PCB through-hole or SMT pads can cause intermittent or absent connectivity. | N47: Reflow or manually resolder each pin on J3 and J4. Ensure proper wetting and solder fillet formation. | O47: Kiran | P47: =I47+1 -> 46198 | Q47: Introduce checklists in assembly SOPs to explicitly verify pin cutting steps. Implement mandatory inspection points: Before soldering, after pin cutting, and post-reflow. | R47: Kiran | S47: =I47+1 -> 46198 | T47: Closed | U47: Wrong Operation | V47: Assembly Errors
A48: 45 | B48: IPQC | C48: M. Laharika | D48: CLW-3 E70 | E48: 6000053421 | F48: 2 | G48: 2 | H48: 0 | I48: 46197 | J48: MINI LOCO | K48: 516301480626157-158 | L48: OK | O48: Kiran | P48: =I48+1 -> 46198 | R48: Kiran | S48: =I48+1 -> 46198 | T48: Closed
A49: 46 | B49: IPQC | C49: M. Laharika | D49: BLW-2 CCB | E49: 6000053421 | F49: 7 | G49: 7 | H49: 0 | I49: 46200 | J49: MINI LOCO | K49: 516301480626159-165 | L49: OK | O49: Kiran | P49: =I49+1 -> 46201 | R49: Kiran | S49: =I49+1 -> 46201 | T49: Closed
A50: 47 | B50: IPQC | C50: M. Laharika | D50: CLW-3 CCB | E50: 6000053421 | F50: 1 | G50: 0 | H50: 1 | I50: 46200 | J50: MINI LOCO | K50: 516301480626166 | L50: Loose fitment at VTR-2 Black Naylon washer screws (M3*8mm) screw. | O50: Kiran | P50: =I50+1 -> 46201 | R50: Kiran | S50: =I50+1 -> 46201 | T50: Closed | U50: Loose Fitment | V50: Assembly Errors
A51: 48 | B51: IPQC | C51: M. Laharika | D51: BLW-2 CCB | E51: 6000053421 | F51: 1 | G51: 1 | H51: 0 | I51: 46200 | J51: MINI LOCO | K51: 516301480626167 | L51: OK | O51: Kiran | P51: =I51+1 -> 46201 | R51: Kiran | S51: =I51+1 -> 46201 | T51: Closed
A52: 49 | B52: IPQC | C52: M. Laharika | D52: BLW-2 CCB | E52: 6000053421 | F52: 1 | G52: 0 | H52: 1 | I52: 46200 | J52: MINI LOCO | K52: 516301480626168 | L52: Loose fitment at VCC-2 black speser screws M3*8mm screw | O52: Kiran | P52: =I52+1 -> 46201 | R52: Kiran | S52: =I52+1 -> 46201 | T52: Closed | U52: Loose Fitment | V52: Assembly Errors
A53: 50 | B53: IPQC | C53: M. Laharika | D53: CLW-3 CCB | E53: 6000053421 | F53: 4 | G53: 4 | H53: 0 | I53: 46200 | J53: MINI LOCO | K53: 516301480626169-172 | L53: OK | O53: Kiran | P53: =I53+1 -> 46201 | R53: Kiran | S53: =I53+1 -> 46201 | T53: Closed
A54: 51 | B54: IPQC | C54: M. Laharika | D54: CLW-3 CCB | E54: 6000053421 | F54: 1 | G54: 0 | H54: 1 | I54: 46200 | J54: MINI LOCO | K54: 516301480626173 | L54: Missing of Earth stud | O54: Kiran | P54: =I54+1 -> 46201 | R54: Kiran | S54: =I54+1 -> 46201 | T54: Closed | U54: Missing Component | V54: Assembly Errors
A55: 52 | B55: IPQC | C55: M. Laharika | D55: CLW-3 CCB | E55: 6000053421 | F55: 5 | G55: 5 | H55: 0 | I55: 46202 | J55: MINI LOCO | K55: 516301480626174-178 | L55: OK | O55: Kiran | P55: =I55+1 -> 46203 | R55: Kiran | S55: =I55+1 -> 46203 | T55: Closed
A56: 53 | B56: IPQC | C56: M. Laharika | D56: BLW-2 E70 | E56: 6000053421 | F56: 3 | G56: 3 | H56: 0 | I56: 46204 | J56: MINI LOCO | K56: 516301480626179-181 | L56: OK | O56: Kiran | P56: =I56+1 -> 46205 | R56: Kiran | S56: =I56+1 -> 46205 | T56: Closed
A57: 54 | B57: IPQC | C57: M. Laharika | D57: BLW-2 E70 | E57: 6000053421 | F57: 1 | G57: 0 | H57: 1 | I57: 46204 | J57: MINI LOCO | K57: 516301480626182 | L57: black spaser damaged at VCC-2 & 3 facia. | O57: Kiran | P57: =I57+1 -> 46205 | R57: Kiran | S57: =I57+1 -> 46205 | T57: Closed | U57: Damaged component | V57: Damages
A58: 55 | B58: IPQC | C58: M. Laharika | D58: BLW-2 E70 | E58: 6000053421 | F58: 4 | G58: 4 | H58: 0 | I58: 46204 | J58: MINI LOCO | K58: 516301480626183-186 | L58: OK | O58: Kiran | P58: =I58+1 -> 46205 | R58: Kiran | S58: =I58+1 -> 46205 | T58: Closed
A59: 56 | B59: IPQC | C59: M. Laharika | D59: BLW-2 E70 | E59: 6000053421 | F59: 1 | G59: 0 | H59: 1 | I59: 46204 | J59: MINI LOCO | K59: 516301480626187 | L59: Black spaser screw damaged at VCC-2 & 3 facia. | O59: Kiran | P59: =I59+1 -> 46205 | R59: Kiran | S59: =I59+1 -> 46205 | T59: Closed | U59: Damaged component | V59: Damages
A60: 57 | B60: IPQC | C60: M. Laharika | D60: BLW-2 E70 | E60: 6000053421 | F60: 1 | G60: 0 | H60: 1 | I60: 46204 | J60: MINI LOCO | K60: 516301480626188 | L60: Wrong pin blocking at VTR-2 J4 Connecter. | M60: Wrong pin blocking occurred because the J4 connector was not correctly aligned/positioned during assembly. The connector orientation and pin location were not adequately verified before fitment, allowing the wrong pin to get blocked | O60: Kiran | P60: =I60+1 -> 46205 | R60: Kiran | S60: =I60+1 -> 46205 | T60: Closed | U60: Wrong Operation | V60: Assembly Errors
A61: 58 | B61: IPQC | C61: M. Laharika | D61: BLW-2 E70 | E61: 6000053421 | F61: 3 | G61: 3 | H61: 0 | I61: 46204 | J61: MINI LOCO | K61: 516301480626189-191 | L61: OK | O61: Kiran | P61: =I61+1 -> 46205 | R61: Kiran | S61: =I61+1 -> 46205 | T61: Closed
A62: 59 | B62: IPQC | C62: M. Laharika | D62: CLW-3 CCB | E62: 6000053421 | F62: 4 | G62: 4 | H62: 0 | I62: 46204 | J62: MINI LOCO | K62: 516301480626192-195 | L62: OK | O62: Kiran | P62: =I62+1 -> 46205 | R62: Kiran | S62: =I62+1 -> 46205
A63: 60 | B63: IPQC | C63: M. Laharika | D63: CLW-3 CCB | E63: 6000053421 | F63: 1 | G63: 0 | H63: 1 | I63: 46204 | J63: MINI LOCO | K63: 516301480626196 | L63: Loose fitment 10.6" 4U Rack frount side (M6*16mm) screws. | O63: Kiran | P63: =I63+1 -> 46205 | R63: Kiran | S63: =I63+1 -> 46205 | T63: Closed | U63: Loose Fitment | V63: Assembly Errors
A64: 61 | B64: IPQC | C64: M. Laharika | D64: CLW-3 CCB | E64: 6000053421 | F64: 1 | G64: 1 | H64: 0 | I64: 46204 | J64: MINI LOCO | K64: 516301480626197 | L64: OK | O64: Kiran | P64: =I64+1 -> 46205 | R64: Kiran | S64: =I64+1 -> 46205 | T64: Closed
A65: 62 | B65: IPQC | C65: M. Laharika | D65: CLW-3 CCB | E65: 6000053421 | F65: 2 | G65: 2 | H65: 0 | I65: 46204 | J65: MINI LOCO | K65: 516301480626198-199 | L65: OK | O65: Kiran | P65: =I65+1 -> 46205 | R65: Kiran | S65: =I65+1 -> 46205 | T65: Closed
A66: 63 | B66: IPQC | C66: M. Laharika | D66: CLW-3 CCB | E66: 6000053421 | F66: 2 | G66: 2 | H66: 0 | I66: 46205 | J66: MINI LOCO | K66: 516301480626200-201 | L66: OK | O66: Kiran | P66: =I66+1 -> 46206 | R66: Kiran | S66: =I66+1 -> 46206 | T66: Closed
A67: 64 | B67: IPQC | C67: M. Laharika | D67: CLW-3 E70 | E67: 6000053421 | F67: 5 | G67: 5 | H67: 0 | I67: 46210 | J67: MINI LOCO | K67: 516301480726202-206 | L67: OK | O67: Kiran | P67: =I67+1 -> 46211 | R67: Kiran | S67: =I67+1 -> 46211 | T67: Closed
A68: 65 | B68: IPQC | C68: M. Laharika | D68: CLW-3 E70 | E68: 6000053421 | F68: 1 | G68: 0 | H68: 1 | I68: 46210 | J68: MINI LOCO | K68: 516301480726207 | L68: Loose fitment counter plate screw. | O68: Kiran | P68: =I68+1 -> 46211 | R68: Kiran | S68: =I68+1 -> 46211 | T68: Closed | U68: Loose Fitment | V68: Assembly Errors
A69: 66 | B69: IPQC | C69: M. Laharika | D69: CLW-3 E70 | E69: 6000053421 | F69: 1 | G69: 0 | H69: 1 | I69: 46210 | J69: MINI LOCO | K69: 516301480726208 | L69: Loose fitment at the Loco Enclosure M6*16mm socket head screws at Left, Right in inside Bottom & Top corners. | M69: Improper tightening/torque application of the M6 × 16 mm socket head screws during assembly. | N69: Re-tighten / rework affected units using the specfiied torque and inspect the jiont. | O69: Kiran | P69: =I69+1 -> 46211 | Q69: Ensure the specified torque value is clearly defined in the assembly work instruction. | R69: Kiran | S69: =I69+1 -> 46211 | T69: Closed | U69: Loose Fitment | V69: Assembly Errors
A70: 67 | B70: IPQC | C70: M. Laharika | D70: CLW-3 E70 | E70: 6000053421 | I70: 46210 | J70: MINI LOCO | K70: 516301480726208 | L70: Loose fitment of Voter-2 facia screw M3*12mm. | O70: Kiran | P70: =I70+1 -> 46211 | R70: Kiran | S70: =I70+1 -> 46211 | T70: Closed | U70: Loose Fitment | V70: Assembly Errors
A71: 68 | B71: IPQC | C71: M. Laharika | D71: CLW-3 E70 | E71: 6000053421 | F71: 1 | G71: 1 | H71: 0 | I71: 46210 | J71: MINI LOCO | K71: 516301480726209 | L71: OK | O71: Kiran | P71: =I71+1 -> 46211 | R71: Kiran | S71: =I71+1 -> 46211 | T71: Closed
A72: 69 | B72: IPQC | C72: M. Laharika | D72: CLW-3 E70 | E72: 6000053421 | F72: 1 | G72: 0 | H72: 1 | I72: 46210 | J72: MINI LOCO | K72: 516301480726210 | L72: Loose fitment left side enclosuer screw (M6*20mm) screw. | O72: Kiran | P72: =I72+1 -> 46211 | R72: Kiran | S72: =I72+1 -> 46211 | T72: Closed | U72: Loose Fitment | V72: Assembly Errors
A73: 70 | B73: IPQC | C73: M. Laharika | D73: CLW-3 E70 | E73: 6000053421 | F73: 7 | G73: 7 | H73: 0 | I73: 46210 | J73: MINI LOCO | K73: 516301480726211-217 | L73: OK | O73: Kiran | P73: =I73+1 -> 46211 | R73: Kiran | S73: =I73+1 -> 46211 | T73: Closed
A74: 71 | B74: IPQC | C74: M.Laharika & E. Vamshi | D74: CLW-3 E70 | E74: 6000053421 | F74: 16 | G74: 16 | H74: 0 | I74: 46212 | J74: MINI LOCO | K74: 516301480726218-233 | L74: OK | O74: Kiran | P74: =I74+1 -> 46213 | R74: Kiran | S74: =I74+1 -> 46213 | T74: Closed
A75: 72 | B75: IPQC | C75: M. Laharika | D75: WAY SIDE CCB | E75: 6000053421 | F75: 2 | G75: 2 | H75: 0 | I75: 46214 | J75: MINI LOCO | K75: 516301480726234-235 | L75: OK | O75: Kiran | P75: =I75+1 -> 46215 | R75: Kiran | S75: =I75+1 -> 46215 | T75: Closed
A76: 73 | B76: IPQC | C76: M. Laharika | D76: WAY SIDE CCB | E76: 6000053421 | F76: 1 | G76: 0 | H76: 1 | I76: 46214 | J76: MINI LOCO | K76: 516301480726236 | L76: Wrong pin blocking at VTR-1*2 casttes J3 & J4 Connecters. | M76: Wrong pin blocking occurred because the J3 & J4 connector was not correctly aligned/positioned during assembly. The connector orientation and pin location were not adequately verified before fitment, allowing the wrong pin to get blocked | O76: Kiran | P76: =I76+1 -> 46215 | R76: Kiran | S76: =I76+1 -> 46215 | T76: Closed | U76: Wrong Operation | V76: Assembly Errors
A77: 74 | B77: IPQC | C77: M. Laharika | D77: WAY SIDE CCB | E77: 6000053421 | F77: 1 | G77: 0 | H77: 1 | I77: 46214 | J77: MINI LOCO | K77: 516301480726237 | L77: Wrong pin blocking VGW-1*2 casttes J1 Connecters. | M77: Wrong pin blocking occurred because the J1 connector was not correctly aligned/positioned during assembly. The connector orientation and pin location were not adequately verified before fitment, allowing the wrong pin to get blocked | O77: Kiran | P77: =I77+1 -> 46215 | R77: Kiran | S77: =I77+1 -> 46215 | T77: Closed | U77: Wrong Operation | V77: Assembly Errors
A78: 75 | B78: IPQC | C78: M. Laharika | D78: WAY SIDE CCB | E78: 6000053421 | F78: 2 | G78: 2 | H78: 0 | I78: 46214 | J78: MINI LOCO | K78: 516301480726238-239 | L78: OK | O78: Kiran | P78: =I78+1 -> 46215 | R78: Kiran | S78: =I78+1 -> 46215 | T78: Closed
A79: 76 | B79: IPQC | C79: M. Laharika | D79: WAY SIDE CCB | E79: 6000053421 | F79: 1 | G79: 0 | H79: 1 | I79: 46214 | J79: MINI LOCO | K79: 516301480726240 | L79: Loose fitment at DPS-2 (M5*20mm)screws. Top side middle of the Enclosure. | M79: Dps-2 screws were not tightened properly during assembly. Proper torque was not followed/verified by the operator. Final inspection did not identify the loose screws. | N79: Removed and refitted the loose screws properly. Tightened the DPS-2 screws to the specified torque. Checked all other heat sink screws for proper tightness and fitment. | O79: Kiran | P79: =I79+1 -> 46215 | Q79: Ensure the specified torque is followed during DPS-2 assembly. Use a calibrated torque screwdriver for tightening. Add heat sink screw torque verification to the assembly checklist. Conduct periodic operator training and final inspection to prevent recurrence. | R79: Kiran | S79: =I79+1 -> 46215 | T79: Closed | U79: Loose Fitment | V79: Assembly Errors
A80: 77 | B80: IPQC | C80: M. Laharika | D80: WAY SIDE CCB | E80: 6000053421 | F80: 5 | G80: 5 | H80: 0 | I80: 46214 | J80: MINI LOCO | K80: 516301480726241-245 | L80: OK | O80: Kiran | P80: =I80+1 -> 46215 | R80: Kiran | S80: =I80+1 -> 46215 | T80: Closed
A81: 78 | B81: IPQC | C81: M. Laharika | D81: WAY SIDE CCB | E81: 6000053421 | F81: 1 | G81: 0 | H81: 1 | I81: 46214 | J81: MINI LOCO | K81: 516301480726246 | L81: Loose fitment Earth cable bottom of the Enclosure. | O81: Kiran | P81: =I81+1 -> 46215 | R81: Kiran | S81: =I81+1 -> 46215 | T81: Closed | U81: Loose Fitment | V81: Assembly Errors
A82: 79 | B82: IPQC | C82: M. Laharika | D82: WAY SIDE CCB | E82: 6000053421 | I82: 46214 | J82: MINI LOCO | K82: 516301480726246 | L82: Loose fitment at DPS-1 (M5*20mm)screws. Right middle of the Enclosure. | M82: DPS-1 screws were not tightened properly during assembly. Proper torque was not followed/verified by the operator. Final inspection did not identify the loose screws. | N82: Removed and refitted the loose screws properly. Tightened the DPS-1 screws to the specified torque. Checked all other heat sink screws for proper tightness and fitment. | O82: Kiran | P82: =I82+1 -> 46215 | Q82: Ensure the specified torque is followed during DPS-1 assembly. Use a calibrated torque screwdriver for tightening. Add heat sink screw torque verification to the assembly checklist. Conduct periodic operator training and final inspection to prevent recurrence. | R82: Kiran | S82: =I82+1 -> 46215 | T82: Closed | U82: Loose Fitment | V82: Assembly Errors
A83: 80 | B83: IPQC | C83: M. Laharika | D83: WAY SIDE CCB | E83: 6000053421 | F83: 9 | G83: 9 | H83: 0 | I83: 46214 | J83: MINI LOCO | K83: 516301480726247-255 | L83: OK | O83: Kiran | P83: =I83+1 -> 46215 | R83: Kiran | S83: =I83+1 -> 46215 | T83: Closed
A84: 81 | B84: IPQC | C84: M. Laharika | D84: WAY SIDE CCB | E84: 6000053421 | F84: 1 | G84: 0 | H84: 1 | I84: 46214 | J84: MINI LOCO | K84: 516301480726256 | L84: Loose fitment at DPS-2 (M5*20mm)screws. Left side top of the Enclosure. | M84: Dps-2 screws were not tightened properly during assembly. Proper torque was not followed/verified by the operator. Final inspection did not identify the loose screws. | N84: Removed and refitted the loose screws properly. Tightened the DPS-2 screws to the specified torque. Checked all other heat sink screws for proper tightness and fitment. | O84: Kiran | P84: =I84+1 -> 46215 | Q84: Ensure the specified torque is followed during DPS-2 assembly. Use a calibrated torque screwdriver for tightening. Add heat sink screw torque verification to the assembly checklist. Conduct periodic operator training and final inspection to prevent recurrence. | R84: Kiran | S84: =I84+1 -> 46215 | T84: Closed | U84: Loose Fitment | V84: Assembly Errors
A85: 82 | B85: IPQC | C85: M. Laharika | D85: WAY SIDE CCB | E85: 6000053421 | I85: 46214 | J85: MINI LOCO | K85: 516301480726256 | L85: Wroung pin blocking VGW-1*2 casttes J1 Connecters. | M85: Wrong pin blocking occurred because the J1 connector was not correctly aligned/positioned during assembly. The connector orientation and pin location were not adequately verified before fitment, allowing the wrong pin to get blocked | O85: Kiran | P85: =I85+1 -> 46215 | R85: Kiran | S85: =I85+1 -> 46215 | T85: Closed | U85: Wrong Operation | V85: Assembly Errors
A86: 83 | B86: IPQC | C86: M. Laharika | D86: WAY SIDE CCB | E86: 6000053421 | F86: 1 | G86: 0 | H86: 1 | I86: 46214 | J86: MINI LOCO | K86: 516301480726257 | L86: Wrong pin cutting at VGW1*2 J1 Connecter | M86: Wrong pin was cut at the J11 & J12 connector due to incorrect identification of the pin position during the cutting operation. The existing visual identification/marking was not clear enough, and the pin position was not verified before cutting. | N86: 1. Stopped the operation and segregated the affected PPC cards. 2. Checked all J11 connectors in the affected lot for incorrect pin cutting. 3. Corrected/replaced the affected connector as per the drawing/specification. 4. Verified the correct pin position and functionality after rework. | O86: Kiran | P86: =I86+1 -> 46215 | Q86: 1. Added clear pin-number marking/identification at the J11 cutting location. 2. Updated the work instruction with a clear photo/drawing showing the exact pin to be cut. 3. Trained the operator on J11 pin identification before cutting. 4. Introduced first-piece approval and 100% visual verification of the pin position after cutting. | R86: Kiran | S86: =I86+1 -> 46215 | T86: Closed | U86: Wrong Operation | V86: Assembly Errors
A87: 84 | B87: IPQC | C87: M. Laharika | D87: WAY SIDE CCB | E87: 6000053421 | F87: 4 | G87: 4 | H87: 0 | I87: 46214 | J87: MINI LOCO | K87: 516301480726258-261 | L87: OK | O87: Kiran | P87: =I87+1 -> 46215 | R87: Kiran | S87: =I87+1 -> 46215 | T87: Closed
A88: 85 | B88: IPQC | C88: M. Laharika | D88: CLW-3 E70 | E88: 6000053421 | F88: 1 | G88: 1 | H88: 0 | I88: 46219 | J88: MINI LOCO | K88: 516301480726262 | L88: OK | O88: Kiran | P88: =I88+1 -> 46220 | S88: =I88+1 -> 46220 | T88: Closed
A89: 86 | B89: IPQC | C89: M. Laharika | D89: CLW-3 E70 | E89: 6000053421 | F89: 1 | G89: 0 | H89: 1 | I89: 46219 | J89: MINI LOCO | K89: 516301480726263 | L89: Loose fitment of MC-9 MIL connector | O89: Kiran | P89: =I89+1 -> 46220 | R89: Kiran | S89: =I89+1 -> 46220 | T89: Closed | U89: Loose Fitment | V89: Assembly Errors
A90: 87 | B90: IPQC | C90: M. Laharika | D90: CLW-3 E70 | E90: 6000053421 | I90: 46219 | J90: MINI LOCO | K90: 516301480726263 | L90: LED's are in side of the Facia at CAB I/P-1 & 2, PPC-1 Facia. | O90: Kiran | P90: =I90+1 -> 46220 | R90: Kiran | S90: =I90+1 -> 46220 | T90: Closed | U90: Wrong Operation | V90: Assembly Errors
A91: 88 | B91: IPQC | C91: M. Laharika | D91: CLW-3 E70 | E91: 6000053421 | F91: 1 | G91: 1 | H91: 0 | I91: 46219 | J91: MINI LOCO | K91: 516301480726264 | L91: Ok | O91: Kiran | P91: =I91+1 -> 46220 | R91: Kiran | S91: =I91+1 -> 46220 | T91: Closed
A92: 89 | B92: IPQC | C92: M. Laharika | D92: CLW-3 E70 | E92: 6000053421 | F92: 1 | G92: 0 | H92: 1 | I92: 46219 | J92: MINI LOCO | K92: 516301480726265 | L92: Loose fitment MC-1 Mil connector Bottom of the enclosur. | O92: Kiran | P92: =I92+1 -> 46220 | R92: Kiran | S92: =I92+1 -> 46220 | T92: Closed | U92: Loose Fitment | V92: Assembly Errors
A93: 90 | B93: IPQC | C93: M. Laharika | D93: CLW-3 E70 | E93: 6000053421 | F93: 1 | G93: 0 | H93: 1 | I93: 46219 | J93: MINI LOCO | K93: 516301480726266 | L93: Loose fitment at DPS-1 (M5*20mm)screws. Right middle of the Enclosure. | M93: DPS-1 screws were not tightened properly during assembly. Proper torque was not followed/verified by the operator. Final inspection did not identify the loose screws. | N93: Removed and refitted the loose screws properly. Tightened the DPS-1 screws to the specified torque. Checked all other heat sink screws for proper tightness and fitment. | O93: Kiran | P93: =I93+1 -> 46220 | Q93: Ensure the specified torque is followed during DPS-1 assembly. Use a calibrated torque screwdriver for tightening. Add heat sink screw torque verification to the assembly checklist. Conduct periodic operator training and final inspection to prevent recurrence. | R93: Kiran | S93: =I93+1 -> 46220 | T93: Closed | U93: Loose Fitment | V93: Assembly Errors
A94: 91 | B94: IPQC | C94: M. Laharika | D94: CLW-3 E70 | E94: 6000053421 | F94: 3 | G94: 3 | H94: 0 | I94: 46219 | J94: MINI LOCO | K94: 516301480726267-269 | L94: OK | O94: Kiran | P94: =I94+1 -> 46220 | R94: Kiran | S94: =I94+1 -> 46220 | T94: Closed
A95: 92 | B95: IPQC | C95: M. Laharika | D95: CLW-3 E70 | E95: 6000053421 | F95: 1 | G95: 0 | H95: 1 | I95: 46219 | J95: MINI LOCO | K95: 516301480726270 | L95: LED's are in side of the Facia at CAB I/P-1 & 2, PPC-1 Facia. | O95: Kiran | P95: =I95+1 -> 46220 | R95: Kiran | S95: =I95+1 -> 46220 | T95: Closed | U95: Wrong Operation | V95: Assembly Errors
A96: 93 | B96: IPQC | C96: M. Laharika | D96: CLW-3 E70 | E96: 6000053421 | F96: 1 | G96: 1 | H96: 0 | I96: 46219 | J96: MINI LOCO | K96: 516301480726271 | L96: OK | O96: Kiran | P96: =I96+1 -> 46220 | R96: Kiran | S96: =I96+1 -> 46220 | T96: Closed
A97: 94 | B97: IPQC | C97: M. Laharika | D97: CLW-3 E70 | E97: 6000053421 | F97: 1 | G97: 0 | H97: 1 | I97: 46219 | J97: MINI LOCO | K97: 516301480726272 | L97: Loose fitment at DPS-1 (M5*20mm)screws. Left side bottom of the Enclosure. | M97: DPS-1 screws were not tightened properly during assembly. Proper torque was not followed/verified by the operator. Final inspection did not identify the loose screws. | N97: Removed and refitted the loose screws properly. Tightened the DPS-1 screws to the specified torque. Checked all other heat sink screws for proper tightness and fitment. | O97: Kiran | P97: =I97+1 -> 46220 | Q97: Ensure the specified torque is followed during DPS-1 assembly. Use a calibrated torque screwdriver for tightening. Add heat sink screw torque verification to the assembly checklist. Conduct periodic operator training and final inspection to prevent recurrence. | R97: Kiran | S97: =I97+1 -> 46220 | T97: Closed | U97: Loose Fitment | V97: Assembly Errors
A98: 95 | B98: IPQC | C98: M. Laharika | D98: CLW-3 E70 | E98: 6000053421 | F98: 1 | G98: 1 | H98: 0 | I98: 46219 | J98: MINI LOCO | K98: 516301480726273 | L98: OK | O98: Kiran | P98: =I98+1 -> 46220 | R98: Kiran | S98: =I98+1 -> 46220 | T98: Closed
A99: 96 | B99: IPQC | C99: M. Laharika | D99: CLW-3 E70 | E99: 6000053421 | F99: 1 | G99: 0 | H99: 1 | I99: 46219 | J99: MINI LOCO | K99: 516301480726274 | L99: Paint peel Right side bottom of the Enclosure. | O99: Kiran | P99: =I99+1 -> 46220 | R99: Kiran | S99: =I99+1 -> 46220 | T99: Closed | U99: Paint Peel off | V99: Damages
A100: 97 | B100: IPQC | C100: M. Laharika | D100: CLW-3 E70 | E100: 6000053421 | F100: 1 | G100: 0 | H100: 1 | I100: 46219 | J100: MINI LOCO | K100: 516301480726275 | L100: Loose fitment Earth cable right side bottom of the Enclosure. | O100: Kiran | P100: =I100+1 -> 46220 | R100: Kiran | S100: =I100+1 -> 46220 | T100: Closed | U100: Loose Fitment | V100: Assembly Errors
A101: 98 | B101: IPQC | C101: M. Laharika | D101: CLW-3 E70 | E101: 6000053421 | F101: 2 | G101: 2 | H101: 0 | I101: 46219 | J101: MINI LOCO | K101: 516301480726276-277 | L101: OK | O101: Kiran | P101: =I101+1 -> 46220 | R101: Kiran | S101: =I101+1 -> 46220 | T101: Closed
...

Sheet CAB IP Summary – April to Septe
B1: CAB INPUT BOX Failure Summary – April to September _2026
B3: CAB INPUT BOX | C3: Total inspection Quantity | D3: Total Accepted Quantity | E3: Total Defect Quantity | F3: FTR % | G3: Defect % | I3: Category of the problem | J3: Defect QTY | K3: Cumulative QTY | L3: Cumulative (%) | M3: Defect Contribution (%)
B4: TYPE OF MODULE | C4: =SUM('CAB IP observations Apr-Sep 20'!F4,C5:C16) -> 1231 | D4: =SUM('CAB IP observations Apr-Sep 20'!G4,D5:D16) -> 1089 | E4: =SUM('CAB IP observations Apr-Sep 20'!H4,E5:E16) -> 142 | F4: =D4/C4 -> 0.88464663 | G4: =E4/C4 -> 0.11535337 | I4: Assembly Errors | J4: =SUMIF('CAB IP observations Apr-Sep 20'!V:V,I4,'CAB IP observations Apr-Sep 20'!H:H) -> 92 | K4: =J4 -> 92 | L4: =K4/$K$7 -> 0.64788732 | M4: =J4/$K$7 -> 0.64788732
B5: CAB INPUT BOX_E-70_4.0_(1.1V) | C5: 403 | D5: =SUMIF('CAB IP observations Apr-Sep 20'!J:J,B5,'CAB IP observations Apr-Sep 20'!G:G) -> 362 | E5: =SUMIF('CAB IP observations Apr-Sep 20'!J:J,B5,'CAB IP observations Apr-Sep 20'!H:H) -> 41 | F5: =D5/C5 -> 0.89826303 | G5: =E5/C5 -> 0.10173697 | I5: Enclosure Issues | J5: =SUMIF('CAB IP observations Apr-Sep 20'!V:V,I5,'CAB IP observations Apr-Sep 20'!H:H) -> 34 | K5: =K4+J5 -> 126 | L5: =K5/$K$7 -> 0.88732394 | M5: =J5/$K$7 -> 0.23943662
B6: CAB INPUT BOX_CCB_4.0_(1.1 V) | C6: =SUMIF('CAB IP observations Apr-Sep 20'!J:J,B6,'CAB IP observations Apr-Sep 20'!F:F) -> 265 | D6: =SUMIF('CAB IP observations Apr-Sep 20'!J:J,B6,'CAB IP observations Apr-Sep 20'!G:G) -> 230 | E6: =SUMIF('CAB IP observations Apr-Sep 20'!J:J,B6,'CAB IP observations Apr-Sep 20'!H:H) -> 35 | F6: =D6/C6 -> 0.86792453 | G6: =E6/C6 -> 0.13207547 | I6: Damages | J6: =SUMIF('CAB IP observations Apr-Sep 20'!V:V,I6,'CAB IP observations Apr-Sep 20'!H:H) -> 13 | K6: =K5+J6 -> 139 | L6: =K6/$K$7 -> 0.97887324 | M6: =J6/$K$7 -> 0.091549296
B7: CAB INPUT BOX_CONVENTIONAL_EMU | C7: =SUMIF('CAB IP observations Apr-Sep 20'!J:J,B7,'CAB IP observations Apr-Sep 20'!F:F) -> 134 | D7: =SUMIF('CAB IP observations Apr-Sep 20'!J:J,B7,'CAB IP observations Apr-Sep 20'!G:G) -> 114 | E7: =SUMIF('CAB IP observations Apr-Sep 20'!J:J,B7,'CAB IP observations Apr-Sep 20'!H:H) -> 20 | F7: =D7/C7 -> 0.85074627 | G7: =E7/C7 -> 0.14925373 | I7: Functional issues | J7: =SUMIF('CAB IP observations Apr-Sep 20'!V:V,I7,'CAB IP observations Apr-Sep 20'!H:H) -> 3 | K7: =K6+J7 -> 142 | L7: =K7/$K$7 -> 1 | M7: =J7/$K$7 -> 0.021126761
B8: CAB INPUT BOX_CONVENTIONAL_MEMU | C8: =SUMIF('CAB IP observations Apr-Sep 20'!J:J,B8,'CAB IP observations Apr-Sep 20'!F:F) -> 115 | D8: =SUMIF('CAB IP observations Apr-Sep 20'!J:J,B8,'CAB IP observations Apr-Sep 20'!G:G) -> 109 | E8: =SUMIF('CAB IP observations Apr-Sep 20'!J:J,B8,'CAB IP observations Apr-Sep 20'!H:H) -> 6 | F8: =D8/C8 -> 0.94782609 | G8: =E8/C8 -> 0.052173913
B9: CAB INPUT BOX_E-70_(4.0V) | C9: =SUMIF('CAB IP observations Apr-Sep 20'!J:J,B9,'CAB IP observations Apr-Sep 20'!F:F) -> 81 | D9: =SUMIF('CAB IP observations Apr-Sep 20'!J:J,B9,'CAB IP observations Apr-Sep 20'!G:G) -> 69 | E9: =SUMIF('CAB IP observations Apr-Sep 20'!J:J,B9,'CAB IP observations Apr-Sep 20'!H:H) -> 12 | F9: =D9/C9 -> 0.85185185 | G9: =E9/C9 -> 0.14814815
B10: CAB INPUT BOX_DIESEL | C10: =SUMIF('CAB IP observations Apr-Sep 20'!J:J,B10,'CAB IP observations Apr-Sep 20'!F:F) -> 56 | D10: =SUMIF('CAB IP observations Apr-Sep 20'!J:J,B10,'CAB IP observations Apr-Sep 20'!G:G) -> 55 | E10: =SUMIF('CAB IP observations Apr-Sep 20'!J:J,B10,'CAB IP observations Apr-Sep 20'!H:H) -> 1 | F10: =D10/C10 -> 0.98214286 | G10: =E10/C10 -> 0.017857143
B11: CAB INPUT BOX_3PHASE_MEMU | C11: =SUMIF('CAB IP observations Apr-Sep 20'!J:J,B11,'CAB IP observations Apr-Sep 20'!F:F) -> 62 | D11: =SUMIF('CAB IP observations Apr-Sep 20'!J:J,B11,'CAB IP observations Apr-Sep 20'!G:G) -> 55 | E11: =SUMIF('CAB IP observations Apr-Sep 20'!J:J,B11,'CAB IP observations Apr-Sep 20'!H:H) -> 7 | F11: =D11/C11 -> 0.88709677 | G11: =E11/C11 -> 0.11290323
B12: CAB INPUT BOX_EF12_E-70 | C12: =SUMIF('CAB IP observations Apr-Sep 20'!J:J,B12,'CAB IP observations Apr-Sep 20'!F:F) -> 40 | D12: =SUMIF('CAB IP observations Apr-Sep 20'!J:J,B12,'CAB IP observations Apr-Sep 20'!G:G) -> 28 | E12: =SUMIF('CAB IP observations Apr-Sep 20'!J:J,B12,'CAB IP observations Apr-Sep 20'!H:H) -> 12 | F12: =D12/C12 -> 0.7 | G12: =E12/C12 -> 0.3
B13: CAB INPUT BOX_IRAB_ELECTRIC | C13: =SUMIF('CAB IP observations Apr-Sep 20'!J:J,B13,'CAB IP observations Apr-Sep 20'!F:F) -> 40 | D13: =SUMIF('CAB IP observations Apr-Sep 20'!J:J,B13,'CAB IP observations Apr-Sep 20'!G:G) -> 36 | E13: =SUMIF('CAB IP observations Apr-Sep 20'!J:J,B13,'CAB IP observations Apr-Sep 20'!H:H) -> 4 | F13: =D13/C13 -> 0.9 | G13: =E13/C13 -> 0.1
B14: CAB INPUT BOX_3PHASE_EMU | C14: =SUMIF('CAB IP observations Apr-Sep 20'!J:J,B14,'CAB IP observations Apr-Sep 20'!F:F) -> 16 | D14: =SUMIF('CAB IP observations Apr-Sep 20'!J:J,B14,'CAB IP observations Apr-Sep 20'!G:G) -> 13 | E14: =SUMIF('CAB IP observations Apr-Sep 20'!J:J,B14,'CAB IP observations Apr-Sep 20'!H:H) -> 3 | F14: =D14/C14 -> 0.8125 | G14: =E14/C14 -> 0.1875
B15: CAB INPUT BOX_CCB_(4.0 V) | C15: =SUMIF('CAB IP observations Apr-Sep 20'!J:J,B15,'CAB IP observations Apr-Sep 20'!F:F) -> 18 | D15: =SUMIF('CAB IP observations Apr-Sep 20'!J:J,B15,'CAB IP observations Apr-Sep 20'!G:G) -> 17 | E15: =SUMIF('CAB IP observations Apr-Sep 20'!J:J,B15,'CAB IP observations Apr-Sep 20'!H:H) -> 1 | F15: =D15/C15 -> 0.94444444 | G15: =E15/C15 -> 0.055555556
B16: CAB INPUT BOX_D-9 | C16: =SUMIF('CAB IP observations Apr-Sep 20'!J:J,B16,'CAB IP observations Apr-Sep 20'!F:F) -> 1 | D16: =SUMIF('CAB IP observations Apr-Sep 20'!J:J,B16,'CAB IP observations Apr-Sep 20'!G:G) -> 1 | E16: =SUMIF('CAB IP observations Apr-Sep 20'!J:J,B16,'CAB IP observations Apr-Sep 20'!H:H) -> 0 | F16: =D16/C16 -> 1 | G16: =E16/C16 -> 0
B19: Sub Category of the problem | C19: No of issues Quantity | D19: Cumulative Quantity | E19: Cumulative (%) | F19: Defect Contribution (%)
B20: Loose Fitment | C20: 53 | D20: =C20 -> 53 | E20: =D20/$D$33 -> 0.37588652 | F20: =C20/$D$33 -> 0.37588652
B21: Locking Issues | C21: 34 | D21: =D20+C21 -> 87 | E21: =D21/$D$33 -> 0.61702128 | F21: =C21/$D$33 -> 0.24113475
B22: Hardware Damage | C22: 12 | D22: =D21+C22 -> 99 | E22: =D22/$D$33 -> 0.70212766 | F22: =C22/$D$33 -> 0.085106383
B23: Missing Component | C23: 12 | D23: =D22+C23 -> 111 | E23: =D23/$D$33 -> 0.78723404 | F23: =C23/$D$33 -> 0.085106383
B24: Wrong Label | C24: 9 | D24: =D23+C24 -> 120 | E24: =D24/$D$33 -> 0.85106383 | F24: =C24/$D$33 -> 0.063829787
B25: Wires Interchanged | C25: 8 | D25: =D24+C25 -> 128 | E25: =D25/$D$33 -> 0.90780142 | F25: =C25/$D$33 -> 0.056737589
B26: Component Issue | C26: 3 | D26: =D25+C26 -> 131 | E26: =D26/$D$33 -> 0.92907801 | F26: =C26/$D$33 -> 0.021276596
B27: Miss placement | C27: 2 | D27: =D26+C27 -> 133 | E27: =D27/$D$33 -> 0.94326241 | F27: =C27/$D$33 -> 0.014184397
B28: Missing of Operation | C28: 2 | D28: =D27+C28 -> 135 | E28: =D28/$D$33 -> 0.95744681 | F28: =C28/$D$33 -> 0.014184397
B29: Wrong component | C29: 2 | D29: =D28+C29 -> 137 | E29: =D29/$D$33 -> 0.97163121 | F29: =C29/$D$33 -> 0.014184397
B30: Loose connection | C30: 1 | D30: =D29+C30 -> 138 | E30: =D30/$D$33 -> 0.9787234 | F30: =C30/$D$33 -> 0.0070921986
B31: Paint peel off | C31: 1 | D31: =D30+C31 -> 139 | E31: =D31/$D$33 -> 0.9858156 | F31: =C31/$D$33 -> 0.0070921986
B32: Rust | C32: 1 | D32: =D31+C32 -> 140 | E32: =D32/$D$33 -> 0.9929078 | F32: =C32/$D$33 -> 0.0070921986
B33: Srew Stud issue | C33: 1 | D33: =D32+C33 -> 141 | E33: =D33/$D$33 -> 1 | F33: =C33/$D$33 -> 0.0070921986

Sheet CAB IP observations Apr-Sep 20
A1: ,
A2: CAB INPUT BOX Failure Report by QC Engineer at Factory from APRIL to SEPTEMBER -2026
E3: TOTAL | F3: =SUM(F4,F5:F796) -> 1231 | G3: =SUM(G4,G5:G796) -> 1089 | H3: =SUM(H4,H5:H796) -> 142
A4: Line # | B4: Failure detected Area (IPQC) | C4: Failure Reported by (Name of QC Eng) | D4: Project / Module Type | E4: Part Number | F4: Production QTY ( Nos) | G4: Accepted QTY ( Nos) | H4: Defect QTY ( Nos) | I4: Date of inspection | J4: Name of the item (Main, Unit / Module / Sub-module / component) | K4: Sl No of the item | L4: "Observed Problem (First information Report)" | M4: Root Cause of failure | N4: Action to be taken (Corrective action) | O4: Responsible person | P4: Target Date | Q4: Preventive Action | R4: Responsible person.1 | S4: Target Date.1 | T4: Status (Issue Closed / Open) | U4: Sub Category | V4: Category of Problem | W4: Remarks, if any
A5: 1 | B5: IPQC | C5: R.Navaneetha | D5: CLW-3 | E5: 6000054465 | F5: 2 | G5: 2 | H5: 0 | I5: 46122 | J5: CAB INPUT BOX_E-70_(4.0V) | K5: 516309050426001-002 | L5: OK | M5: OK | O5: Rajinikanth | R5: Rajinikanth | T5: Closed | U5: OK | V5: OK
A6: 2 | B6: IPQC | C6: R.Navaneetha | D6: CLW-3 | E6: 6000054465 | F6: 1 | G6: 0 | H6: 1 | I6: 46122 | J6: CAB INPUT BOX_E-70_(4.0V) | K6: 516309050426003 | L6: TB-1/2 & 2/2 wire interchanged. | M6: Operators unfamiliar with wire color codes. | N6: Wire corrected as per wiring drawing. | O6: Rajinikanth | P6: =I6+1 -> 46123 | Q6: Use color coding, diagrams to clearly indicate correct wiring sequences. | R6: Rajinikanth | S6: 46123 | T6: Closed | U6: Wires Interchanged | V6: Assembly Errors
A7: 3 | B7: IPQC | C7: R.Navaneetha | D7: CLW-3 | E7: 6000054465 | F7: 1 | G7: 1 | H7: 0 | I7: 46122 | J7: CAB INPUT BOX_E-70_(4.0V) | K7: 516309050426004 | L7: OK | M7: OK | O7: Rajinikanth | R7: Rajinikanth | T7: Closed | U7: OK | V7: OK
A8: 4 | B8: IPQC | C8: R.Navaneetha | D8: CLW-3 | E8: 6000054465 | F8: 7 | G8: 7 | H8: 0 | I8: 46123 | J8: CAB INPUT BOX_E-70_(4.0V) | K8: 516309050426005-011 | L8: OK | M8: OK | O8: Rajinikanth | R8: Rajinikanth | T8: Closed | U8: OK | V8: OK
A9: 5 | B9: IPQC | C9: R.Navaneetha | D9: CLW-3 | E9: 6000054465 | F9: 1 | G9: 0 | H9: 1 | I9: 46123 | J9: CAB INPUT BOX_E-70_(4.0V) | K9: 516309050426012 | L9: 17th & 18th wires interchanged in phoenix connector. | M9: Operators did not follow identification labels during assembly process | N9: Wire corrected as per wiring drawing. | O9: Rajinikanth | P9: =I9+1 -> 46124 | Q9: Provide work instructions and wiring drawings at work stations. | R9: Rajinikanth | S9: 46124 | T9: Closed | U9: Wires Interchanged | V9: Assembly Errors
A10: 6 | B10: IPQC | C10: R.Navaneetha | D10: CLW-3 | E10: 6000054465 | F10: 1 | G10: 1 | H10: 0 | I10: 46123 | J10: CAB INPUT BOX_E-70_(4.0V) | K10: 516309050426013 | L10: OK | M10: OK | O10: Rajinikanth | R10: Rajinikanth | T10: Closed | U10: OK | V10: OK
A11: 7 | B11: IPQC | C11: R.Navaneetha | D11: CLW-3 | E11: 6000054465 | F11: 1 | G11: 0 | H11: 1 | I11: 46123 | J11: CAB INPUT BOX_E-70_(4.0V) | K11: 516309050426014 | L11: WOAMA SIGNALLING RELAY (Q-51 Relay) not working. | M11: Faulty relay supplied by supplier. | N11: Faulty Q-51 relay was replaced with a working Q-51 relay. | O11: Rajinikanth | P11: =I11+1 -> 46124 | Q11: Supplier should ensure relay working condition before supplying relays | R11: Rajinikanth | S11: 46124 | T11: Closed | U11: Component Issue | V11: Functional issues
A12: 8 | B12: IPQC | C12: R.Navaneetha | D12: CLW-3 | E12: 6000054465 | F12: 5 | G12: 5 | H12: 0 | I12: 46123 | J12: CAB INPUT BOX_E-70_(4.0V) | K12: 516309050426015-019 | L12: OK | M12: OK | O12: Rajinikanth | R12: Rajinikanth | T12: Closed | U12: OK | V12: OK
A13: 9 | B13: IPQC | C13: R.Navaneetha | D13: CLW-3 | E13: 6000054465 | F13: 4 | G13: 4 | H13: 0 | I13: 46124 | J13: CAB INPUT BOX_E-70_(4.0V) | K13: 516309050426020-023 | L13: OK | M13: OK | O13: Rajinikanth | R13: Rajinikanth | T13: Closed | U13: OK | V13: OK
A14: 10 | B14: IPQC | C14: R.Navaneetha | D14: CLW-3 | E14: 6000054465 | F14: 2 | G14: 2 | H14: 0 | I14: 46127 | J14: CAB INPUT BOX_E-70_(4.0V) | K14: 516309050426024-025 | L14: OK | M14: OK | O14: Rajinikanth | R14: Rajinikanth | T14: Closed | U14: OK | V14: OK
A15: 11 | B15: IPQC | C15: R.Navaneetha | D15: CLW-3 | E15: 6000054465 | F15: 6 | G15: 6 | H15: 0 | I15: 46129 | J15: CAB INPUT BOX_E-70_(4.0V) | K15: 516309050426026-031 | L15: OK | M15: OK | O15: Rajinikanth | R15: Rajinikanth | T15: Closed | U15: OK | V15: OK
A16: 12 | B16: IPQC | C16: R.Navaneetha | D16: CLW-3 | E16: 6000054465 | F16: 4 | G16: 4 | H16: 0 | I16: 46130 | J16: CAB INPUT BOX_E-70_(4.0V) | K16: 516309050426036-039 | L16: OK | M16: OK | O16: Rajinikanth | R16: Rajinikanth | T16: Closed | U16: OK | V16: OK
A17: 13 | B17: IPQC | C17: R.Navaneetha | D17: CLW-3 | E17: 6000054465 | F17: 4 | G17: 4 | H17: 0 | I17: 46136 | J17: CAB INPUT BOX_E-70_(4.0V) | K17: 516309050526032-035 | L17: OK | M17: OK | O17: Rajinikanth | R17: Rajinikanth | T17: Closed | U17: OK | V17: OK
A18: 14 | B18: IPQC | C18: R.Navaneetha | D18: CLW-3 | E18: 6000054465 | F18: 1 | G18: 0 | H18: 1 | I18: 46136 | J18: CAB INPUT BOX_E-70_(4.0V) | K18: 516309050426040 | L18: Loose fitment of CN-1 110VDC 4-pin female MIL connector. | M18: Suitable tool is not used for fitting process of CN-1 110VDC 4-pin female connector. | N18: Tightened the connector with the buska tool as per the standards. | O18: Rajinikanth | P18: =I18+1 -> 46137 | Q18: Training should be given & proper tool should be provided to the operator by the Instructor. | R18: Rajinikanth | S18: 46137 | T18: Closed | U18: Loose Fitment | V18: Assembly Errors
A19: 15 | B19: IPQC | C19: R.Navaneetha | D19: CLW-3 | E19: 6000054465 | F19: 1 | G19: 1 | H19: 0 | I19: 46149 | J19: CAB INPUT BOX_E-70_(4.0V) | K19: 516309050526041 | L19: OK | M19: OK | O19: Rajinikanth | R19: Rajinikanth | T19: Closed | U19: OK | V19: OK
A20: 16 | B20: IPQC | C20: R.Navaneetha | D20: CLW-3 | E20: 6000054465 | F20: 1 | G20: 0 | H20: 1 | I20: 46149 | J20: CAB INPUT BOX_E-70_(4.0V) | K20: 516309050526042 | L20: Door play observed when it is locked. | M20: 1. Rough handling while assemblying. 2. No proper storage of Incoming material at stores. | N20: Replaced with another 24 pin phoenix connector. | O20: Rajinikanth | P20: =I20+1 -> 46150 | Q20: 1.Handle with care while operating 2.Maintain organized storage areas and ensure materials are securely stored in designated areas. | R20: Rajinikanth | S20: 46150 | T20: Closed | U20: Hardware Damage | V20: Damages
A21: 17 | B21: IPQC | C21: R.Navaneetha | D21: CLW-3 | E21: 6000054465 | F21: 1 | G21: 1 | H21: 0 | I21: 46149 | J21: CAB INPUT BOX_E-70_(4.0V) | K21: 516309050526043 | L21: OK | M21: OK | O21: Rajinikanth | R21: Rajinikanth | T21: Closed | U21: OK | V21: OK
A22: 18 | B22: IPQC | C22: R.Navaneetha | D22: CLW-3 | E22: 6000054465 | F22: 1 | G22: 0 | H22: 1 | I22: 46149 | J22: CAB INPUT BOX_E-70_(4.0V) | K22: 516309050526044 | L22: Loose fitment of M3*8mm allen head screw at EMI filter PCBA. | M22: 1.Suitable tool is not used for fixing M3*8mm allen head screws. 2.The instructor did not provide adequate training to use suitable tool for the fixing. | N22: Tightened the screw with the 3mm allen key tool as per its standards. | O22: Rajinikanth | P22: =I22+1 -> 46150 | Q22: 1.Proper tool should be provided to the operator by the Instructor. 2.Training should be given before performing the task. | R22: Rajinikanth | S22: 46150 | T22: Closed | U22: Loose Fitment | V22: Assembly Errors
A23: 19 | B23: IPQC | C23: R.Navaneetha | D23: CLW-3 | E23: 6000054465 | F23: 1 | G23: 1 | H23: 0 | I23: 46149 | J23: CAB INPUT BOX_E-70_(4.0V) | K23: 516309050526045 | L23: OK | M23: OK | O23: Rajinikanth | R23: Rajinikanth | T23: Closed | U23: OK | V23: OK
A24: 20 | B24: IPQC | C24: R.Navaneetha | D24: CLW-3 | E24: 6000054465 | F24: 13 | G24: 13 | H24: 0 | I24: 46154 | J24: CAB INPUT BOX_E-70_(4.0V) | K24: 516309050526046-058 | L24: OK | M24: OK | O24: Rajinikanth | R24: Rajinikanth | T24: Closed | U24: OK | V24: OK
A25: 21 | B25: IPQC | C25: R.Navaneetha | D25: BLW-1 | E25: 6000052972 | F25: 5 | G25: 5 | H25: 0 | I25: 46158 | J25: CAB INPUT BOX_DIESEL | K25: 516302060526001-005 | L25: OK | M25: OK | O25: Rajinikanth | R25: Rajinikanth | T25: Closed | U25: OK | V25: OK
A26: 22 | B26: IPQC | C26: R.Navaneetha | D26: BLW-1 | E26: 6000052972 | F26: 5 | G26: 5 | H26: 0 | I26: 46158 | J26: CAB INPUT BOX_DIESEL | K26: 516302060526001-005 | L26: OK | M26: OK | O26: Rajinikanth | R26: Rajinikanth | T26: Closed | U26: OK | V26: OK
A27: 23 | B27: IPQC | C27: R.Navaneetha | D27: CLW-3 | E27: 6000054465 | F27: 1 | G27: 0 | H27: 1 | I27: 46162 | J27: CAB INPUT BOX_E-70_(4.0V) | K27: 516309050526001 | L27: Door play observed when it is locked. | M27: Due to expansion of quater turn panel both locks are not fully locked. | N27: Adjusted the contraction of quater turn panel locks. | O27: Rajinikanth | P27: =I27+1 -> 46163 | Q27: Improve supplier quality (No issues at MCD supplier material). | R27: Rajinikanth | S27: 46163 | T27: Closed | U27: Locking Issues | V27: Enclosure Issues
A28: 24 | B28: IPQC | C28: R.Navaneetha | D28: CLW-3 | E28: 6000054465 | F28: 1 | G28: 0 | H28: 1 | I28: 46162 | J28: CAB INPUT BOX_E-70_(4.0V) | K28: 516309050526002 | L28: Door play observed when it is locked. | M28: Due to expansion of quater turn panel both locks are not fully locked. | N28: Adjusted the contraction of quater turn panel locks. | O28: Rajinikanth | P28: =I28+1 -> 46163 | Q28: Improve supplier quality (No issues at MCD supplier material). | R28: Rajinikanth | S28: 46163 | T28: Closed | U28: Locking Issues | V28: Enclosure Issues
A29: 25 | B29: IPQC | C29: R.Navaneetha | D29: CLW-3 | E29: 6000054465 | F29: 1 | G29: 0 | H29: 1 | I29: 46162 | J29: CAB INPUT BOX_E-70_(4.0V) | K29: 516309050526003 | L29: Door play observed when it is locked. | M29: Due to expansion of quater turn panel both locks are not fully locked. | N29: Adjusted the contraction of quater turn panel locks. | O29: Rajinikanth | P29: =I29+1 -> 46163 | Q29: Improve supplier quality (No issues at MCD supplier material). | R29: Rajinikanth | S29: 46163 | T29: Closed | U29: Locking Issues | V29: Enclosure Issues
A30: 26 | B30: IPQC | C30: R.Navaneetha | D30: CLW-3 | E30: 6000054465 | F30: 9 | G30: 9 | H30: 0 | I30: 46162 | J30: CAB INPUT BOX_E-70_(4.0V) | K30: 516309050526004-012 | L30: OK | M30: OK | O30: Rajinikanth | R30: Rajinikanth | T30: Closed | U30: OK | V30: OK
A31: 27 | B31: IPQC | C31: R.Navaneetha | D31: CLW-3 | E31: 6000054465 | F31: 1 | G31: 0 | H31: 1 | I31: 46162 | J31: CAB INPUT BOX_E-70_(4.0V) | K31: 516309050526013 | L31: Loose fitment of TCR at RLY (N/C)13th pin. | M31: 1.Suitable tool is not used for the fitment of traction cut off relay screw fixing. 2.The instructor did not provide adequate training for the operation. | N31: Tightened the pin as per its standards. | O31: Rajinikanth | P31: =I31+1 -> 46163 | Q31: 1.Proper tool should be provided to the operator by the Instructor. 2.Training should be given before performing the task. | R31: Rajinikanth | S31: 46163 | T31: Closed | U31: Loose Fitment | V31: Assembly Errors
A32: 28 | B32: IPQC | C32: R.Navaneetha | D32: CLW-3 | E32: 6000054463 | F32: 10 | G32: 10 | H32: 0 | I32: 46162 | J32: CAB INPUT BOX_CCB_(4.0 V) | K32: 516313050526001-010 | L32: OK | M32: OK | O32: Rajinikanth | R32: Rajinikanth | T32: Closed | U32: OK | V32: OK
A33: 29 | B33: IPQC | C33: R.Navaneetha | D33: CLW-3 | E33: 6000064637 | F33: 1 | G33: 0 | H33: 1 | I33: 46162 | J33: CAB INPUT BOX_CCB_4.0_(1.1 V) | K33: 516313050526011 | L33: Door play observed when it is locked. | M33: Due to expansion of quater turn panel both locks are not fully locked. | N33: Adjusted the contraction of quater turn panel locks. | O33: Rajinikanth | P33: =I33+1 -> 46163 | Q33: Improve supplier quality (No issues at MCD supplier material). | R33: Rajinikanth | S33: 46163 | T33: Closed | U33: Locking Issues | V33: Enclosure Issues
A34: 30 | B34: IPQC | C34: R.Navaneetha | D34: CLW-3 | E34: 6000064637 | F34: 1 | G34: 0 | H34: 1 | I34: 46162 | J34: CAB INPUT BOX_CCB_4.0_(1.1 V) | K34: 516313050526012 | L34: Door play observed when it is locked. | M34: Due to expansion of quater turn panel both locks are not fully locked. | N34: Adjusted the contraction of quater turn panel locks. | O34: Rajinikanth | P34: =I34+1 -> 46163 | Q34: Improve supplier quality (No issues at MCD supplier material). | R34: Rajinikanth | S34: 46163 | T34: Closed | U34: Locking Issues | V34: Enclosure Issues
A35: 31 | B35: IPQC | C35: D.Srishanth Reddy | D35: CLW-3 | E35: 6000064637 | F35: 1 | G35: 0 | H35: 1 | I35: 46162 | J35: CAB INPUT BOX_CCB_4.0_(1.1 V) | K35: 516313050526013 | M35: Due to expansion of quater turn panel both locks are not fully locked. | N35: Adjusted the contraction of quater turn panel locks. | O35: Rajinikanth | P35: =I35+1 -> 46163 | Q35: Improve supplier quality (No issues at MCD supplier material). | R35: Rajinikanth | S35: 46163 | T35: Closed | U35: Locking Issues | V35: Enclosure Issues
A36: 32 | B36: IPQC | C36: R.Navaneetha | D36: CLW-3 | E36: 6000064637 | F36: 4 | G36: 4 | H36: 0 | I36: 46162 | J36: CAB INPUT BOX_CCB_4.0_(1.1 V) | K36: 516313050526014-017 | L36: OK | M36: OK | O36: Rajinikanth | R36: Rajinikanth | T36: Closed | U36: OK | V36: OK
A37: 33 | B37: IPQC | C37: R.Navaneetha | D37: CLW-3 | E37: 6000064634 | F37: 2 | G37: 2 | H37: 0 | I37: 46171 | J37: CAB INPUT BOX_E-70_4.0_(1.1V) | K37: 516309050526014-015 | L37: OK | M37: OK | O37: Rajinikanth | R37: Rajinikanth | T37: Closed | U37: OK | V37: OK
A38: 34 | B38: IPQC | C38: R.Navaneetha | D38: CLW-3 | E38: 6000064634 | F38: 1 | G38: 0 | H38: 1 | I38: 46171 | J38: CAB INPUT BOX_E-70_4.0_(1.1V) | K38: 516309050526016 | L38: 6th & 8th wires interchanged in phoenix connector. | M38: Operators did not follow identification labels during assembly process | N38: Wire corrected as per wiring drawing. | O38: Rajinikanth | P38: =I38+1 -> 46172 | Q38: Provide work instructions and wiring drawings at work stations. | R38: Rajinikanth | S38: 46172 | T38: Closed | U38: Wires Interchanged | V38: Assembly Errors
A39: 35 | B39: IPQC | C39: R.Navaneetha | D39: CLW-3 | E39: 6000064634 | F39: 2 | G39: 2 | H39: 0 | I39: 46171 | J39: CAB INPUT BOX_E-70_4.0_(1.1V) | K39: 516309050526017-018 | L39: OK | M39: OK | O39: Rajinikanth | R39: Rajinikanth | T39: Closed | U39: OK | V39: OK
A40: 36 | B40: IPQC | C40: R.Navaneetha | D40: CLW-3 | E40: 6000064634 | F40: 8 | G40: 8 | H40: 0 | I40: 46172 | J40: CAB INPUT BOX_E-70_4.0_(1.1V) | K40: 516309050526019-026 | L40: OK | M40: OK | O40: Rajinikanth | R40: Rajinikanth | T40: Closed | U40: OK | V40: OK
A41: 37 | B41: IPQC | C41: R.Navaneetha | D41: CLW-3 | E41: 6000064637 | F41: 10 | G41: 10 | H41: 0 | I41: 46172 | J41: CAB INPUT BOX_CCB_4.0_(1.1 V) | K41: 516313050526018-027 | L41: OK | M41: OK | O41: Rajinikanth | R41: Rajinikanth | T41: Closed | U41: OK | V41: OK
A42: 38 | B42: IPQC | C42: R.Navaneetha | D42: CLW-3 | E42: 6000064634 | F42: 5 | G42: 5 | H42: 0 | I42: 46179 | J42: CAB INPUT BOX_E-70_4.0_(1.1V) | K42: 516309050626027-031 | L42: OK | M42: OK | O42: Rajinikanth | R42: Rajinikanth | T42: Closed | U42: OK | V42: OK
A43: 39 | B43: IPQC | C43: J.Malavika | D43: CLW-3 | E43: 6000064634 | F43: 1 | G43: 0 | H43: 1 | I43: 46179 | J43: CAB INPUT BOX_E-70_4.0_(1.1V) | K43: 516309050626032 | L43: Loose fitment of MC-24 CAB I/P 12 Pin female MIL connector. | M43: Suitable tool is not used for fitting process of MC-24 CAB I/P 12-pin female connector. | N43: Tightened the connector with the buska tool as per its standards. | O43: Rajinikanth | P43: =I43+1 -> 46180 | Q43: Training should be given & proper tool should be provided to the operator by the Instructor. | R43: Rajinikanth | S43: 46180 | T43: Closed | U43: Loose Fitment | V43: Assembly Errors
A44: 40 | B44: IPQC | C44: J.Malavika | D44: CLW-3 | E44: 6000064634 | F44: 2 | G44: 2 | H44: 0 | I44: 46179 | J44: CAB INPUT BOX_E-70_4.0_(1.1V) | K44: 516309050626033-034 | L44: OK | M44: OK | O44: Rajinikanth | R44: Rajinikanth | T44: Closed | U44: OK | V44: OK
A45: 41 | B45: IPQC | C45: R.Navaneetha | D45: CLW-3 | E45: 6000064634 | F45: 5 | G45: 5 | H45: 0 | I45: 46180 | J45: CAB INPUT BOX_E-70_4.0_(1.1V) | K45: 516309050626035-039 | L45: OK | M45: OK | O45: Rajinikanth | R45: Rajinikanth | T45: Closed | U45: OK | V45: OK
A46: 42 | B46: IPQC | C46: R.Navaneetha | D46: CLW-3 | E46: 6000064637 | F46: 7 | G46: 7 | H46: 0 | I46: 46181 | J46: CAB INPUT BOX_CCB_4.0_(1.1 V) | K46: 516313050626028-034 | L46: OK | M46: OK | O46: Rajinikanth | R46: Rajinikanth | T46: Closed | U46: OK | V46: OK
A47: 43 | B47: IPQC | C47: R.Navaneetha | D47: CLW-3 | E47: 6000064637 | F47: 1 | G47: 1 | H47: 0 | I47: 46181 | J47: CAB INPUT BOX_CCB_4.0_(1.1 V) | K47: 516313050626035 | L47: OK | M47: OK | O47: Rajinikanth | R47: Rajinikanth | T47: Closed | U47: OK | V47: OK
A48: 44 | B48: IPQC | C48: R.Navaneetha | D48: CLW-3 | E48: 6000064634 | F48: 2 | G48: 2 | H48: 0 | I48: 46186 | J48: CAB INPUT BOX_E-70_4.0_(1.1V) | K48: 516309050626040-041 | L48: OK | M48: OK | O48: Rajinikanth | R48: Rajinikanth | T48: Closed | U48: OK | V48: OK
A49: 45 | B49: IPQC | C49: R.Navaneetha | D49: CLW-3 | E49: 6000064634 | F49: 1 | G49: 0 | H49: 1 | I49: 46189 | J49: CAB INPUT BOX_E-70_4.0_(1.1V) | K49: 516309050626042 | L49: Door play observed when it is locked. | M49: Due to expansion of quater turn panel both locks are not fully locked. | N49: Adjusted the contraction of quater turn panel locks. | O49: Rajinikanth | P49: =I49+1 -> 46190 | Q49: Improve supplier quality (No issues at MCD supplier material). | R49: Rajinikanth | S49: 46190 | T49: Closed | U49: Locking Issues | V49: Enclosure Issues
A50: 46 | B50: IPQC | C50: R.Navaneetha | D50: CLW-3 | E50: 6000064634 | F50: 1 | G50: 0 | H50: 1 | I50: 46189 | J50: CAB INPUT BOX_E-70_4.0_(1.1V) | K50: 516309050626043 | L50: Door play observed when it is locked. | M50: Due to expansion of quater turn panel both locks are not fully locked. | N50: Adjusted the contraction of quater turn panel locks. | O50: Rajinikanth | P50: =I50+1 -> 46190 | Q50: Improve supplier quality (No issues at MCD supplier material). | R50: Rajinikanth | S50: 46190 | T50: Closed | U50: Locking Issues | V50: Enclosure Issues
A51: 47 | B51: IPQC | C51: R.Navaneetha | D51: CLW-3 | E51: 6000064634 | F51: 1 | G51: 1 | H51: 0 | I51: 46189 | J51: CAB INPUT BOX_E-70_4.0_(1.1V) | K51: 516309050626044 | L51: OK | M51: OK | O51: Rajinikanth | R51: Rajinikanth | T51: Closed | U51: OK | V51: OK
A52: 48 | B52: IPQC | C52: R.Navaneetha | D52: CLW-3 | E52: 6000064634 | F52: 1 | G52: 0 | H52: 1 | I52: 46189 | J52: CAB INPUT BOX_E-70_4.0_(1.1V) | K52: 516309050626045 | L52: Door play observed when it is locked. | M52: Due to expansion of quater turn panel both locks are not fully locked. | N52: Adjusted the contraction of quater turn panel locks. | O52: Rajinikanth | P52: =I52+1 -> 46190 | Q52: Improve supplier quality (No issues at MCD supplier material). | R52: Rajinikanth | S52: 46190 | T52: Closed | U52: Locking Issues | V52: Enclosure Issues
A53: 49 | B53: IPQC | C53: R.Navaneetha | D53: CLW-3 | E53: 6000064634 | F53: 1 | G53: 0 | H53: 1 | I53: 46189 | J53: CAB INPUT BOX_E-70_4.0_(1.1V) | K53: 516309050626046 | L53: Door play observed when it is locked. | M53: Due to expansion of quater turn panel both locks are not fully locked. | N53: Adjusted the contraction of quater turn panel locks. | O53: Rajinikanth | P53: =I53+1 -> 46190 | Q53: Improve supplier quality (No issues at MCD supplier material). | R53: Rajinikanth | S53: 46190 | T53: Closed | U53: Locking Issues | V53: Enclosure Issues
A54: 50 | B54: IPQC | C54: R.Navaneetha | D54: CLW-3 | E54: 6000064634 | F54: 1 | G54: 0 | H54: 1 | I54: 46189 | J54: CAB INPUT BOX_E-70_4.0_(1.1V) | K54: 516309050626047 | L54: Door play observed when it is locked. | M54: Due to expansion of quater turn panel both locks are not fully locked. | N54: Adjusted the contraction of quater turn panel locks. | O54: Rajinikanth | P54: =I54+1 -> 46190 | Q54: Improve supplier quality (No issues at MCD supplier material). | R54: Rajinikanth | S54: 46190 | T54: Closed | U54: Locking Issues | V54: Enclosure Issues
A55: 51 | B55: IPQC | C55: R.Navaneetha | D55: CLW-3 | E55: 6000064634 | F55: 1 | G55: 0 | H55: 1 | I55: 46189 | J55: CAB INPUT BOX_E-70_4.0_(1.1V) | K55: 516309050626048 | L55: Door play observed when it is locked. | M55: Due to expansion of quater turn panel both locks are not fully locked. | N55: Adjusted the contraction of quater turn panel locks. | O55: Rajinikanth | P55: =I55+1 -> 46190 | Q55: Improve supplier quality (No issues at MCD supplier material). | R55: Rajinikanth | S55: 46190 | T55: Closed | U55: Locking Issues | V55: Enclosure Issues
A56: 52 | B56: IPQC | C56: R.Navaneetha | D56: CLW-3 | E56: 6000064634 | F56: 1 | G56: 0 | H56: 1 | I56: 46189 | J56: CAB INPUT BOX_E-70_4.0_(1.1V) | K56: 516309050626049 | L56: Door play observed when it is locked. | M56: Due to expansion of quater turn panel both locks are not fully locked. | N56: Adjusted the contraction of quater turn panel locks. | O56: Rajinikanth | P56: =I56+1 -> 46190 | Q56: Improve supplier quality (No issues at MCD supplier material). | R56: Rajinikanth | S56: 46190 | T56: Closed | U56: Locking Issues | V56: Enclosure Issues
A57: 53 | B57: IPQC | C57: R.Navaneetha | D57: CLW-3 | E57: 6000064634 | F57: 8 | G57: 8 | H57: 0 | I57: 46189 | J57: CAB INPUT BOX_E-70_4.0_(1.1V) | K57: 516309050626050-57 | L57: OK | M57: OK | O57: Rajinikanth | R57: Rajinikanth | T57: Closed | U57: OK | V57: OK
A58: 54 | B58: IPQC | C58: R.Navaneetha | D58: CLW-3 | E58: 6000064634 | F58: 4 | G58: 4 | H58: 0 | I58: 46190 | J58: CAB INPUT BOX_E-70_4.0_(1.1V) | K58: 516309050626058-061 | L58: OK | M58: OK | O58: Rajinikanth | R58: Rajinikanth | T58: Closed | U58: OK | V58: OK
A59: 55 | B59: IPQC | C59: J.Malavika | D59: BLW-1 | E59: 6000052972 | F59: 16 | G59: 16 | H59: 0 | I59: 46191 | J59: CAB INPUT BOX_DIESEL | K59: 516302060726006-021 | L59: OK | M59: OK | O59: Rajinikanth | R59: Rajinikanth | T59: Closed | U59: OK | V59: OK
A60: 56 | B60: IPQC | C60: J.Malavika | D60: CLW-3 | E60: 6000064637 | F60: 13 | G60: 13 | H60: 0 | I60: 46197 | J60: CAB INPUT BOX_CCB_4.0_(1.1 V) | K60: 516313050626036-048 | L60: OK | M60: OK | O60: Rajinikanth | R60: Rajinikanth | T60: Closed | U60: OK | V60: OK
A61: 57 | B61: IPQC | C61: J.Malavika | D61: CLW-3 | E61: 6000064637 | F61: 1 | G61: 0 | H61: 1 | I61: 46197 | J61: CAB INPUT BOX_CCB_4.0_(1.1 V) | K61: 516313050626049 | L61: Loose fitment of MC-24 CAB I/P 12 Pin female MIL connector. | M61: Suitable tool is not used for fitting process of MC-24 CAB I/P 12-pin female connector. | N61: Tightened the connector with the buska tool as per its standards. | O61: Rajinikanth | P61: =I61+1 -> 46198 | Q61: Training should be given & proper tool should be provided to the operator by the Instructor. | R61: Rajinikanth | S61: 46198 | T61: Closed | U61: Loose Fitment | V61: Assembly Errors
A62: 58 | B62: IPQC | C62: J.Malavika | D62: CLW-3 | E62: 6000064637 | F62: 1 | G62: 1 | H62: 0 | I62: 46197 | J62: CAB INPUT BOX_CCB_4.0_(1.1 V) | K62: 516313050626050 | L62: OK | M62: OK | O62: Rajinikanth | R62: Rajinikanth | T62: Closed | U62: OK | V62: OK
A63: 59 | B63: IPQC | C63: J.Malavika | D63: CLW-3 | E63: 6000064637 | F63: 1 | G63: 0 | H63: 1 | I63: 46197 | J63: CAB INPUT BOX_CCB_4.0_(1.1 V) | K63: 516313050626051 | L63: 12th pin has been damaged in 24 pin phoenix connector. | M63: 1. Rough handling while assemblying. 2. No proper storage of Incoming material at stores. | N63: Replaced with another 24 pin phoenix connector. | O63: Rajinikanth | P63: =I63+1 -> 46198 | Q63: 1.Handle with care while operating 2.Maintain organized storage areas and ensure materials are securely stored in designated areas. | R63: Rajinikanth | S63: 46198 | T63: Closed | U63: Hardware Damage | V63: Damages
A64: 60 | B64: IPQC | C64: J.Malavika | D64: CLW-3 | E64: 6000064637 | F64: 4 | G64: 4 | H64: 0 | I64: 46197 | J64: CAB INPUT BOX_CCB_4.0_(1.1 V) | K64: 516313050626052-055 | L64: OK | M64: OK | O64: Rajinikanth | R64: Rajinikanth | T64: Closed | U64: OK | V64: OK
A65: 61 | B65: IPQC | C65: J.Malavika | D65: ICF | E65: 6000064469 | F65: 11 | G65: 11 | H65: 0 | I65: 46198 | J65: CAB INPUT BOX_CONVENTIONAL_MEMU | K65: 516339080626041-451 | L65: OK | M65: OK | O65: Rajinikanth | R65: Rajinikanth | T65: Closed | U65: OK | V65: OK
A66: 62 | B66: IPQC | C66: J.Malavika | D66: ICF | E66: 6000064469 | F66: 1 | G66: 0 | H66: 1 | I66: 46198 | J66: CAB INPUT BOX_CONVENTIONAL_MEMU | K66: 516339080626052 | L66: Loose fitment of CN-1 110VDC 4-pin female MIL connector. | M66: Suitable tool is not used for fitting process of CN-1 110VDC 4-pin female connector. | N66: Tightened the connector with the buska tool as per the standards. | O66: Rajinikanth | P66: =I66+1 -> 46199 | Q66: Training should be given & proper tool should be provided to the operator by the Instructor. | R66: Rajinikanth | S66: 46199 | T66: Closed | U66: Loose Fitment | V66: Assembly Errors
A67: 63 | B67: IPQC | C67: J.Malavika | D67: ICF | E67: 6000064469 | F67: 4 | G67: 4 | H67: 0 | I67: 46198 | J67: CAB INPUT BOX_CONVENTIONAL_MEMU | K67: 516339080626053-056 | L67: OK | M67: OK | O67: Rajinikanth | R67: Rajinikanth | T67: Closed | U67: OK | V67: OK
A68: 64 | B68: IPQC | C68: R.Navaneetha | D68: CLW-3 | E68: 6000064634 | F68: 4 | G68: 4 | H68: 0 | I68: 46199 | J68: CAB INPUT BOX_E-70_4.0_(1.1V) | K68: 516309050626062-065 | L68: OK | M68: OK | O68: Rajinikanth | R68: Rajinikanth | T68: Closed | U68: OK | V68: OK
A69: 65 | B69: IPQC | C69: J.Malavika | D69: CLW-3 | E69: 6000064634 | F69: 1 | G69: 0 | H69: 1 | I69: 46199 | J69: CAB INPUT BOX_E-70_4.0_(1.1V) | K69: 516309050626066 | L69: Loose fitment of MC-24 CAB I/P 12 Pin female MIL connector. | M69: Suitable tool is not used for fitting process of MC-24 CAB I/P 12-pin female connector. | N69: Tightened the connector with the buska tool as per its standards. | O69: Rajinikanth | P69: =I69+1 -> 46200 | Q69: Training should be given & proper tool should be provided to the operator by the Instructor. | R69: Rajinikanth | S69: 46200 | T69: Closed | U69: Loose Fitment | V69: Assembly Errors
A70: 66 | B70: IPQC | C70: J.Malavika | D70: CLW-3 | E70: 6000064634 | F70: 6 | G70: 6 | H70: 0 | I70: 46199 | J70: CAB INPUT BOX_E-70_4.0_(1.1V) | K70: 516309050626067-072 | L70: OK | M70: OK | O70: Rajinikanth | R70: Rajinikanth | T70: Closed | U70: OK | V70: OK
A71: 67 | B71: IPQC | C71: J.Malavika | D71: CLW-3 | E71: 6000064634 | F71: 1 | G71: 0 | H71: 1 | I71: 46199 | J71: CAB INPUT BOX_E-70_4.0_(1.1V) | K71: 516309050626073 | L71: Loose fitment of MC-24 CAB I/P 12 Pin female MIL connector. | M71: Suitable tool is not used for fitting process of MC-24 CAB I/P 12-pin female connector. | N71: Tightened the connector with the buska tool as per its standards. | O71: Rajinikanth | P71: =I71+1 -> 46200 | Q71: Training should be given & proper tool should be provided to the operator by the Instructor. | R71: Rajinikanth | S71: 46200 | T71: Closed | U71: Loose Fitment | V71: Assembly Errors
A72: 68 | B72: IPQC | C72: J.Malavika | D72: CLW-3 | E72: 6000064634 | F72: 3 | G72: 3 | H72: 0 | I72: 46199 | J72: CAB INPUT BOX_E-70_4.0_(1.1V) | K72: 516309050626074-076 | L72: OK | M72: OK | O72: Rajinikanth | R72: Rajinikanth | T72: Closed | U72: OK | V72: OK
A73: 69 | B73: IPQC | C73: J.Malavika | D73: CLW-3 | E73: 6000064634 | F73: 1 | G73: 0 | H73: 1 | I73: 46199 | J73: CAB INPUT BOX_E-70_4.0_(1.1V) | K73: 516309050626077 | L73: Loose fitment of MC-24 CAB I/P 12 Pin female MIL connector. | M73: Suitable tool is not used for fitting process of MC-24 CAB I/P 12-pin female connector. | N73: Tightened the connector with the buska tool as per its standards. | O73: Rajinikanth | P73: =I73+1 -> 46200 | Q73: Training should be given & proper tool should be provided to the operator by the Instructor. | R73: Rajinikanth | S73: 46200 | T73: Closed | U73: Loose Fitment | V73: Assembly Errors
A74: 70 | B74: IPQC | C74: J.Malavika | D74: CLW-3 | E74: 6000064634 | F74: 10 | G74: 10 | H74: 0 | I74: 46204 | J74: CAB INPUT BOX_E-70_4.0_(1.1V) | K74: 516309050626078-087 | L74: OK | M74: OK | O74: Rajinikanth | R74: Rajinikanth | T74: Closed | U74: OK | V74: OK
A75: 71 | B75: IPQC | C75: J.Malavika | D75: CLW-3 | E75: 6000064637 | F75: 1 | G75: 1 | H75: 0 | I75: 46205 | J75: CAB INPUT BOX_CCB_4.0_(1.1 V) | K75: 516313050626056 | L75: OK | M75: OK | O75: Rajinikanth | R75: Rajinikanth | T75: Closed | U75: OK | V75: OK
A76: 72 | B76: IPQC | C76: J.Malavika | D76: CLW-3 | E76: 6000064637 | F76: 1 | G76: 0 | H76: 1 | I76: 46205 | J76: CAB INPUT BOX_CCB_4.0_(1.1 V) | K76: 516313050626057 | L76: 21st pin has been damaged in 24 pin phoenix connector. | M76: 1. Rough handling while assemblying. 2. No proper storage of Incoming material at stores. | N76: Replaced with another 24 pin phoenix connector. | O76: Rajinikanth | P76: =I76+1 -> 46206 | Q76: 1.Handle with care while operating 2.Maintain organized storage areas and ensure materials are securely stored in designated areas. | R76: Rajinikanth | S76: 46206 | T76: Closed | U76: Hardware Damage | V76: Damages
A77: 73 | B77: IPQC | C77: J.Malavika | D77: CLW-3 | E77: 6000064637 | F77: 3 | G77: 3 | H77: 0 | I77: 46205 | J77: CAB INPUT BOX_CCB_4.0_(1.1 V) | K77: 516313050626058-060 | L77: OK | M77: OK | O77: Rajinikanth | R77: Rajinikanth | T77: Closed | U77: OK | V77: OK
A78: 74 | B78: IPQC | C78: J.Malavika | D78: CLW-3 | E78: 6000064637 | F78: 1 | G78: 0 | H78: 1 | I78: 46205 | J78: CAB INPUT BOX_CCB_4.0_(1.1 V) | K78: 516313050626061 | L78: 17th pin has been damaged in 24 pin phoenix connector. | M78: 1. Rough handling while assemblying. 2. No proper storage of Incoming material at stores. | N78: Replaced with another 24 pin phoenix connector. | O78: Rajinikanth | P78: =I78+1 -> 46206 | Q78: 1.Handle with care while operating 2.Maintain organized storage areas and ensure materials are securely stored in designated areas. | R78: Rajinikanth | S78: 46206 | T78: Closed | U78: Hardware Damage | V78: Damages
A79: 75 | B79: IPQC | C79: J.Malavika | D79: CLW-3 | E79: 6000064637 | F79: 4 | G79: 4 | H79: 0 | I79: 46205 | J79: CAB INPUT BOX_CCB_4.0_(1.1 V) | K79: 516313050626062-065 | L79: OK | M79: OK | O79: Rajinikanth | R79: Rajinikanth | T79: Closed | U79: OK | V79: OK
A80: 76 | B80: IPQC | C80: J.Malavika | D80: CLW-3 | E80: 6000064634 | F80: 6 | G80: 6 | H80: 0 | I80: 46205 | J80: CAB INPUT BOX_E-70_4.0_(1.1V) | K80: 516309050626089-094 | L80: OK | M80: OK | O80: Rajinikanth | R80: Rajinikanth | T80: Closed | U80: OK | V80: OK
A81: 77 | B81: IPQC | C81: J.Malavika | D81: ICF | E81: 6000064469 | F81: 18 | G81: 18 | H81: 0 | I81: 46206 | J81: CAB INPUT BOX_CONVENTIONAL_MEMU | K81: 516339080726057-074 | L81: OK | M81: OK | O81: Rajinikanth | R81: Rajinikanth | T81: Closed | U81: OK | V81: OK
A82: 78 | B82: IPQC | C82: J.Malavika | D82: CLW-3 | E82: 6000064634 | F82: 3 | G82: 3 | H82: 0 | I82: 46207 | J82: CAB INPUT BOX_E-70_4.0_(1.1V) | K82: 516309050726095-097 | L82: OK | M82: OK | O82: Rajinikanth | R82: Rajinikanth | T82: Closed | U82: OK | V82: OK
A83: 79 | B83: IPQC | C83: V.Amritha&M.Harshitha | D83: CLW-3 | E83: 6000064634 | F83: 1 | G83: 0 | H83: 1 | I83: 46207 | J83: CAB INPUT BOX_E-70_4.0_(1.1V) | K83: 516309050726098 | L83: Loose fitment of M3*8mm allen head screw at EMI filter PCBA. | M83: Suitable tool is not used for fixing M3*8mm allen head screws. | N83: Tightened the screw with the 3mm allen key tool as per its standards. | O83: Rajinikanth | P83: =I83+1 -> 46208 | Q83: Proper tool should be provided to the operator by the Instructor. | R83: Rajinikanth | S83: 46208 | T83: Closed | U83: Loose Fitment | V83: Assembly Errors
A84: 80 | B84: IPQC | C84: J.Malavika | D84: CLW-3 | E84: 6000064634 | F84: 5 | G84: 5 | H84: 0 | I84: 46207 | J84: CAB INPUT BOX_E-70_4.0_(1.1V) | K84: 516309050726099-103 | L84: OK | M84: OK | O84: Rajinikanth | R84: Rajinikanth | T84: Closed | U84: OK | V84: OK
A85: 81 | B85: IPQC | C85: J.Malavika | D85: CLW-3 | E85: 6000064634 | F85: 10 | G85: 10 | H85: 0 | I85: 46209 | J85: CAB INPUT BOX_E-70_4.0_(1.1V) | K85: 516309050726104-113 | L85: OK | M85: OK | O85: Rajinikanth | R85: Rajinikanth | T85: Closed | U85: OK | V85: OK
A86: 82 | B86: IPQC | C86: J.Malavika | D86: CLW-3 | E86: 6000064634 | F86: 5 | G86: 5 | H86: 0 | I86: 46211 | J86: CAB INPUT BOX_E-70_4.0_(1.1V) | K86: 516309050726114-118 | L86: OK | M86: OK | O86: Rajinikanth | R86: Rajinikanth | T86: Closed | U86: OK | V86: OK
A87: 83 | B87: IPQC | C87: J.Malavika | D87: CLW-3 | E87: 6000064634 | F87: 1 | G87: 0 | H87: 1 | I87: 46211 | J87: CAB INPUT BOX_E-70_4.0_(1.1V) | K87: 516309050726119 | L87: Door play observed when it is locked. | M87: Due to expansion of quater turn panel both locks are not fully locked. | N87: Adjusted the contraction of quater turn panel locks. | O87: Rajinikanth | P87: =I87+1 -> 46212 | Q87: Improve supplier quality (No issues at MCD supplier material). | R87: Rajinikanth | S87: 46212 | T87: Closed | U87: Locking Issues | V87: Enclosure Issues
A88: 84 | B88: IPQC | C88: J.Malavika | D88: CLW-3 | E88: 6000064634 | F88: 3 | G88: 3 | H88: 0 | I88: 46211 | J88: CAB INPUT BOX_E-70_4.0_(1.1V) | K88: 516309050726120-122 | L88: OK | M88: OK | O88: Rajinikanth | R88: Rajinikanth | T88: Closed | U88: OK | V88: OK
A89: 85 | B89: IPQC | C89: J.Malavika | D89: CLW-3 | E89: 6000064634 | F89: 1 | G89: 0 | H89: 1 | I89: 46211 | J89: CAB INPUT BOX_E-70_4.0_(1.1V) | K89: 516309050726123 | L89: Door play observed when it is locked. | M89: Due to expansion of quater turn panel both locks are not fully locked. | N89: Adjusted the contraction of quater turn panel locks. | O89: Rajinikanth | P89: =I89+1 -> 46212 | Q89: Improve supplier quality (No issues at MCD supplier material). | R89: Rajinikanth | S89: 46212 | T89: Closed | U89: Locking Issues | V89: Enclosure Issues
A90: 86 | B90: IPQC | C90: J.Malavika | D90: CLW-3 | E90: 6000064634 | F90: 3 | G90: 3 | H90: 0 | I90: 46211 | J90: CAB INPUT BOX_E-70_4.0_(1.1V) | K90: 516309050726124-126 | L90: OK | M90: OK | O90: Rajinikanth | R90: Rajinikanth | T90: Closed | U90: OK | V90: OK
A91: 87 | B91: IPQC | C91: J.Malavika | D91: CLW-3 | E91: 6000064634 | F91: 1 | G91: 1 | H91: 0 | I91: 46212 | J91: CAB INPUT BOX_E-70_4.0_(1.1V) | K91: 516309050726127 | L91: OK | M91: OK | O91: Rajinikanth | R91: Rajinikanth | T91: Closed | U91: OK | V91: OK
A92: 88 | B92: IPQC | C92: J.Malavika | D92: CLW-3 | E92: 6000064634 | F92: 1 | G92: 0 | H92: 1 | I92: 46212 | J92: CAB INPUT BOX_E-70_4.0_(1.1V) | K92: 516309050726128 | L92: Door play observed when it is locked. | M92: Due to expansion of quater turn panel both locks are not fully locked. | N92: Adjusted the contraction of quater turn panel locks. | O92: Rajinikanth | P92: =I92+1 -> 46213 | Q92: Improve supplier quality (No issues at MCD supplier material). | R92: Rajinikanth | S92: 46212 | T92: Closed | U92: Locking Issues | V92: Enclosure Issues
A93: 89 | B93: IPQC | C93: J.Malavika | D93: CLW-3 | E93: 6000064634 | F93: 1 | G93: 1 | H93: 0 | I93: 46212 | J93: CAB INPUT BOX_E-70_4.0_(1.1V) | K93: 516309050726129 | L93: OK | M93: OK | O93: Rajinikanth | R93: Rajinikanth | T93: Closed | U93: OK | V93: OK
A94: 90 | B94: IPQC | C94: J.Malavika | D94: CLW-3 | E94: 6000064634 | F94: 1 | G94: 0 | H94: 1 | I94: 46212 | J94: CAB INPUT BOX_E-70_4.0_(1.1V) | K94: 516309050726130 | L94: Door play observed when it is locked. | M94: Due to expansion of quater turn panel both locks are not fully locked. | N94: Adjusted the contraction of quater turn panel locks. | O94: Rajinikanth | P94: =I94+1 -> 46213 | Q94: Improve supplier quality (No issues at MCD supplier material). | R94: Rajinikanth | S94: 46212 | T94: Closed | U94: Locking Issues | V94: Assembly Errors
A95: 91 | B95: IPQC | C95: J.Malavika | D95: CLW-3 | E95: 6000064634 | F95: 7 | G95: 7 | H95: 0 | I95: 46212 | J95: CAB INPUT BOX_E-70_4.0_(1.1V) | K95: 516309050726131-137 | L95: OK | M95: OK | O95: Rajinikanth | R95: Rajinikanth | T95: Closed | U95: OK | V95: OK
A96: 92 | B96: IPQC | C96: J.Malavika | D96: CLW-3 | E96: 6000064634 | F96: 5 | G96: 5 | H96: 0 | I96: 46213 | J96: CAB INPUT BOX_E-70_4.0_(1.1V) | K96: 516309050726138-142 | L96: OK | M96: OK | O96: Rajinikanth | R96: Rajinikanth | T96: Closed | U96: OK | V96: OK
A97: 93 | B97: IPQC | C97: J.Malavika | D97: ICF | E97: 6000064469 | F97: 40 | G97: 40 | H97: 0 | I97: 46216 | J97: CAB INPUT BOX_CONVENTIONAL_MEMU | K97: 516339080626001-040 | L97: OK | M97: OK | O97: Rajinikanth | R97: Rajinikanth | T97: Closed | U97: OK | V97: OK
A98: 94 | B98: IPQC | C98: J.Malavika | D98: ICF | E98: 6000064469 | F98: 9 | G98: 9 | H98: 0 | I98: 46218 | J98: CAB INPUT BOX_CONVENTIONAL_MEMU | K98: 516339080726075-083 | L98: OK | M98: OK | O98: Rajinikanth | R98: Rajinikanth | T98: Closed | U98: OK | V98: OK
A99: 95 | B99: IPQC | C99: J.Malavika | D99: ICF | E99: 6000064469 | F99: 1 | G99: 0 | H99: 1 | I99: 46218 | J99: CAB INPUT BOX_CONVENTIONAL_MEMU | K99: 516339080726084 | L99: Loose fitment of MC-24 CAB I/P 12 Pin female MIL connector. | M99: Suitable tool is not used for fitting process of MC-24 CAB I/P 12-pin female connector. | N99: Tightened the connector with the buska tool as per its standards. | O99: Rajinikanth | P99: =I99+1 -> 46219 | Q99: Training should be given & proper tool should be provided to the operator by the Instructor. | R99: Rajinikanth | S99: 46219 | T99: Closed | U99: Loose Fitment | V99: Assembly Errors
A100: 96 | B100: IPQC | C100: J.Malavika | D100: ICF | E100: 6000064469 | F100: 3 | G100: 3 | H100: 0 | I100: 46218 | J100: CAB INPUT BOX_CONVENTIONAL_MEMU | K100: 516339080726085-087 | L100: OK | M100: OK | O100: Rajinikanth | R100: Rajinikanth | T100: Closed | U100: OK | V100: OK
...

Sheet Summary of  RFID PS 
A1: RFID Failure Summary – April to September _2026
B4: RFID Poweupply Unit | C4: Total inspection Quantity | D4: Total Accepted Quantity | E4: Total Defect Quantity | F4: FTR % | G4: Defect %
B5: RFID POWER SUPPLY | C5: =SUM('RFID PS Unit Observations'!F5:F1000) -> 2381 | D5: =SUM('RFID PS Unit Observations'!G5:G1000) -> 2234 | E5: =SUM('RFID PS Unit Observations'!H5:H1000) -> 147 | F5: =D5/C5 -> 0.93826123 | G5: =E5/C5 -> 0.061738765
B7: Category of the problem | C7: Defect QTY | D7: Cumulative QTY | E7: Cumulative (%) | F7: Defect Contribution (%)
B8: Assembly Errors | C8: 133 | D8: =C8 -> 133 | E8: =D8/$D$10 -> 0.9047619 | F8: =C8/$D$10 -> 0.9047619
B9: Damages | C9: 8 | D9: =D8+C9 -> 141 | E9: =D9/$D$10 -> 0.95918367 | F9: =C9/$D$10 -> 0.054421769
B10: Supplier miatake | C10: 6 | D10: =D9+C10 -> 147 | E10: =D10/$D$10 -> 1 | F10: =C10/$D$10 -> 0.040816327
B14: Sub Category of the problem | C14: No of issues Quantity | D14: Cumulative Quantity | E14: Cumulative (%) | F14: Defect Contribution (%)
B15: Loose fitment | C15: 70 | D15: =C15 -> 70 | E15: =D15/$D$22 -> 0.47619048 | F15: =C15/$D$22 -> 0.47619048
B16: Paint peel off | C16: 32 | D16: =D15+C16 -> 102 | E16: =D16/$D$22 -> 0.69387755 | F16: =C16/$D$22 -> 0.21768707
B17: Dust | C17: 21 | D17: =D16+C17 -> 123 | E17: =D17/$D$22 -> 0.83673469 | F17: =C17/$D$22 -> 0.14285714
B18: Missing component | C18: 9 | D18: =D17+C18 -> 132 | E18: =D18/$D$22 -> 0.89795918 | F18: =C18/$D$22 -> 0.06122449
B19: Scratches | C19: 8 | D19: =D18+C19 -> 140 | E19: =D19/$D$22 -> 0.95238095 | F19: =C19/$D$22 -> 0.054421769
B20: Damage | C20: 5 | D20: =D19+C20 -> 145 | E20: =D20/$D$22 -> 0.98639456 | F20: =C20/$D$22 -> 0.034013605
B21: Wrong material | C21: 1 | D21: =D20+C21 -> 146 | E21: =D21/$D$22 -> 0.99319728 | F21: =C21/$D$22 -> 0.0068027211
B22: Wrong operating | C22: 1 | D22: =D21+C22 -> 147 | E22: =D22/$D$22 -> 1 | F22: =C22/$D$22 -> 0.0068027211

Sheet RFID PS Unit Observations
A1: Onboard (Loco) KAVACH - IN_HOUSE FAILURES - ANALYSIS
A2: Failure Report by QC Engineer at Factory
F3: =SUM(F5:F1208) -> 2381 | G3: =SUM(G5:G1208) -> 2234 | H3: =SUM(H5:H1208) -> 147
A4: Line # | B4: Failure detected Area IPQC | C4: Failure Reported by (Name of QC Eng) | D4: Project / Module Type | E4: Part Number | F4: Production QTY ( Nos) | G4: Accepted QTY ( Nos) | H4: Rework QTY ( Nos) | I4: Date of occurrence of failures | J4: Name of Failed item (Main, Unit / Module / Sub-module / component) | K4: Sl No of failed item | L4: "Observed Problem (First information Report)" | M4: Root Cause of failure | N4: Action to be taken (Corrective action) | O4: Responsible person | P4: Target Date | Q4: Preventive Action | R4: Responsible person.1 | S4: Target Date.1 | T4: Status (Issue Closed / Open) | U4: Sub Category | V4: Category of Problem | W4: Remarks, if any
A5: 1 | B5: IPQC | C5: G.Sravanthi | D5: CLW-3 | E5: 6000033492 | F5: 18 | G5: 18 | H5: 0 | I5: 46120 | J5: RFID POWER SUPPLY | K5: 516329200426001-018 | L5: OK | O5: Mr. Rajinikanth | P5: =I5+1 -> 46121 | R5: Mr. Rajinikanth | S5: =I5+1 -> 46121 | T5: Closed | U5: OK | V5: OK
A6: 2 | B6: IPQC | C6: G.Sravanthi | D6: CLW-3 | E6: 6000033492 | F6: 1 | G6: 0 | H6: 1 | I6: 46120 | J6: RFID POWER SUPPLY | K6: 5163292004260019 | L6: Loose fitment of Top cover M4*12mm socket head screws. | M6: Due to no proper usage of suitable tool. | N6: Proper fixing of M4*12mm allen head screws with 3mm allen key. | O6: Mr. Rajinikanth | P6: =I6+1 -> 46121 | R6: Mr. Rajinikanth | S6: =I6+1 -> 46121 | T6: Closed | U6: Loose Fitment | V6: Assembly Errors
A7: 3 | B7: IPQC | C7: G.Sravanthi | D7: CLW-3 | E7: 6000033492 | F7: 6 | G7: 6 | H7: 0 | I7: 46120 | J7: RFID POWER SUPPLY | K7: 5163292004260020-025 | L7: OK | O7: Mr. Rajinikanth | P7: =I7+1 -> 46121 | R7: Mr. Rajinikanth | S7: =I7+1 -> 46121 | T7: Closed | U7: OK | V7: OK
A8: 4 | B8: IPQC | C8: G.Sravanthi | D8: CLW-3 | E8: 6000033492 | F8: 14 | G8: 14 | H8: 0 | I8: 46121 | J8: RFID POWER SUPPLY | K8: 516329200426026-039 | L8: OK | O8: Mr. Rajinikanth | P8: =I8+1 -> 46122 | R8: Mr. Rajinikanth | S8: =I8+1 -> 46122 | T8: Closed | U8: OK | V8: OK
A9: 5 | B9: IPQC | C9: G.Sravanthi | D9: CLW-3 | E9: 6000033492 | F9: 11 | G9: 11 | H9: 0 | I9: 46122 | J9: RFID POWER SUPPLY | K9: 516329200426040-050 | L9: OK | O9: Mr. Rajinikanth | P9: =I9+1 -> 46123 | R9: Mr. Rajinikanth | S9: =I9+1 -> 46123 | T9: Closed | U9: OK | V9: OK
A10: 6 | B10: IPQC | C10: G.Sravanthi | D10: CLW-3 | E10: 6000033492 | F10: 20 | G10: 20 | H10: 0 | I10: 46129 | J10: RFID POWER SUPPLY | K10: 516329200426051-070 | L10: OK | O10: Mr. Rajinikanth | P10: =I10+1 -> 46130 | R10: Mr. Rajinikanth | S10: =I10+1 -> 46130 | T10: Closed | U10: OK | V10: OK
A11: 7 | B11: IPQC | C11: J.Malavika | D11: CLW-3 | E11: 6000033492 | F11: 10 | G11: 10 | H11: 0 | I11: 46142 | J11: RFID POWER SUPPLY | K11: 516329200426071-080 | L11: OK | O11: Mr. Rajinikanth | P11: =I11+1 -> 46143 | R11: Mr. Rajinikanth | S11: =I11+1 -> 46143 | T11: Closed | U11: OK | V11: OK
A12: 8 | B12: IPQC | C12: J.Malavika | D12: CLW-3 | E12: 6000033492 | F12: 22 | G12: 22 | H12: 0 | I12: 46154 | J12: RFID POWER SUPPLY | K12: 516329200526081-102 | L12: OK | O12: Mr. Rajinikanth | P12: =I12+1 -> 46155 | R12: Mr. Rajinikanth | S12: =I12+1 -> 46155 | T12: Closed | U12: OK | V12: OK
A13: 9 | B13: IPQC | C13: J.Malavika | D13: CLW-3 | E13: 6000033492 | F13: 12 | G13: 12 | H13: 0 | I13: 46157 | J13: RFID POWER SUPPLY | K13: 516329200526103-114 | L13: OK | O13: Mr. Rajinikanth | P13: =I13+1 -> 46158 | R13: Mr. Rajinikanth | S13: =I13+1 -> 46158 | T13: Closed | U13: OK | V13: OK
A14: 10 | B14: IPQC | C14: J.Malavika | D14: CLW-3 | E14: 6000033492 | F14: 3 | G14: 3 | H14: 0 | I14: 46158 | J14: RFID POWER SUPPLY | K14: 516329200526115-117 | L14: OK | O14: Mr. Rajinikanth | P14: =I14+1 -> 46159 | R14: Mr. Rajinikanth | S14: =I14+1 -> 46159 | T14: Closed | U14: OK | V14: OK
A15: 11 | B15: IPQC | C15: J.Malavika | D15: CLW-3 | E15: 6000033492 | F15: 1 | G15: 0 | H15: 1 | I15: 46158 | J15: RFID POWER SUPPLY | K15: 516329200526118 | L15: Scratches on the enclosure | M15: Incorrect material handling procedure | N15: Paint coated at the affected areas | O15: Mr. Rajinikanth | P15: =I15+1 -> 46159 | R15: Mr. Rajinikanth | S15: =I15+1 -> 46159 | T15: Closed | U15: Scratches | V15: Damages
A16: 12 | B16: IPQC | C16: J.Malavika | D16: CLW-3 | E16: 6000033492 | F16: 8 | G16: 8 | H16: 0 | I16: 46158 | J16: RFID POWER SUPPLY | K16: 516329200526119-126 | L16: OK | O16: Mr. Rajinikanth | P16: =I16+1 -> 46159 | R16: Mr. Rajinikanth | S16: =I16+1 -> 46159 | T16: Closed | U16: OK | V16: OK
A17: 13 | B17: IPQC | C17: Rekha | D17: CLW-3 | E17: 6000033492 | F17: 8 | G17: 8 | H17: 0 | I17: 46168 | J17: RFID POWER SUPPLY | K17: 516329200526127-134 | L17: OK | O17: Mr. Rajinikanth | P17: =I17+1 -> 46169 | R17: Mr. Rajinikanth | S17: =I17+1 -> 46169 | T17: Closed | U17: OK | V17: OK
A18: 14 | B18: IPQC | C18: Rekha | D18: CLW-3 | E18: 6000033492 | F18: 1 | G18: 0 | H18: 1 | I18: 46168 | J18: RFID POWER SUPPLY | K18: 516329200526135 | L18: Observed paint peel off on enclosure | M18: Incorrect material handling procedure | N18: Paint coated at the affected areas | O18: Mr. Rajinikanth | P18: =I18+1 -> 46169 | Q18: Use good-quality paint | R18: Mr. Rajinikanth | S18: =I18+1 -> 46169 | T18: Closed | U18: Paint Peel off | V18: Assembly Errors
A19: 15 | B19: IPQC | C19: Rekha | D19: CLW-3 | E19: 6000033492 | F19: 6 | G19: 6 | H19: 0 | I19: 46168 | J19: RFID POWER SUPPLY | K19: 516329200526136-141 | L19: OK | O19: Mr. Rajinikanth | P19: =I19+1 -> 46169 | R19: Mr. Rajinikanth | S19: =I19+1 -> 46169 | T19: Closed | U19: OK | V19: OK
A20: 16 | B20: IPQC | C20: Rekha | D20: CLW-3 | E20: 6000033492 | F20: 1 | G20: 0 | H20: 1 | I20: 46168 | J20: RFID POWER SUPPLY | K20: 516329200526142 | L20: Observed paint peel off on enclosure | M20: Incorrect material handling procedure | N20: Paint coated at the affected areas | O20: Mr. Rajinikanth | P20: =I20+1 -> 46169 | Q20: Use good-quality paint | R20: Mr. Rajinikanth | S20: =I20+1 -> 46169 | T20: Closed | U20: Paint Peel off | V20: Assembly Errors
A21: 17 | B21: IPQC | C21: Rekha | D21: CLW-3 | E21: 6000033492 | F21: 1 | G21: 1 | H21: 0 | I21: 46168 | J21: RFID POWER SUPPLY | K21: 516329200526143 | L21: OK | O21: Mr. Rajinikanth | P21: =I21+1 -> 46169 | R21: Mr. Rajinikanth | S21: =I21+1 -> 46169 | T21: Closed | U21: OK | V21: OK
A22: 18 | B22: IPQC | C22: Rekha | D22: CLW-3 | E22: 6000033492 | F22: 1 | G22: 0 | H22: 1 | I22: 46168 | J22: RFID POWER SUPPLY | K22: 516329200526144 | L22: Observed paint peel off on enclosure | M22: Incorrect material handling procedure | N22: Paint coated at the affected areas | O22: Mr. Rajinikanth | P22: =I22+1 -> 46169 | Q22: Use good-quality paint | R22: Mr. Rajinikanth | S22: =I22+1 -> 46169 | T22: Closed | U22: Paint Peel off | V22: Assembly Errors
A23: 19 | B23: IPQC | C23: Rekha | E23: 6000033492 | F23: 1 | G23: 1 | H23: 0 | I23: 46168 | J23: RFID POWER SUPPLY | K23: 516329200526145 | L23: OK | O23: Mr. Rajinikanth | P23: =I23+1 -> 46169 | R23: Mr. Rajinikanth | S23: =I23+1 -> 46169 | T23: Closed | U23: OK | V23: OK
A24: 20 | B24: IPQC | C24: Rekha | E24: 6000033492 | F24: 1 | G24: 1 | H24: 0 | I24: 46169 | J24: RFID POWER SUPPLY | K24: 516329200526146 | L24: OK | O24: Mr. Rajinikanth | P24: =I24+1 -> 46170 | R24: Mr. Rajinikanth | S24: =I24+1 -> 46170 | T24: Closed | U24: OK | V24: OK
A25: 21 | B25: IPQC | C25: R.Meena | E25: 6000033492 | F25: 4 | G25: 4 | H25: 0 | I25: 46170 | J25: RFID POWER SUPPLY | K25: 516329200526147-150 | L25: OK | O25: Mr. Rajinikanth | P25: =I25+1 -> 46171 | R25: Mr. Rajinikanth | S25: =I25+1 -> 46171 | T25: Closed | U25: OK | V25: OK
A26: 22 | B26: IPQC | C26: R.Meena | E26: 6000033492 | F26: 2 | G26: 2 | H26: 0 | I26: 46171 | J26: RFID POWER SUPPLY | K26: 516329200526151-152 | L26: OK | O26: Mr. Rajinikanth | P26: =I26+1 -> 46172 | R26: Mr. Rajinikanth | S26: =I26+1 -> 46172 | T26: Closed | U26: OK | V26: OK
A27: 23 | B27: IPQC | C27: R.Meena | E27: 6000033492 | F27: 5 | G27: 5 | H27: 0 | I27: 46178 | J27: RFID POWER SUPPLY | K27: 516329200526153-157 | L27: OK | O27: Mr. Rajinikanth | P27: =I27+1 -> 46179 | R27: Mr. Rajinikanth | S27: =I27+1 -> 46179 | T27: Closed | U27: OK | V27: OK
A28: 24 | B28: IPQC | C28: R.Meena | E28: 6000033492 | F28: 1 | G28: 0 | H28: 1 | I28: 46178 | J28: RFID POWER SUPPLY | K28: 516329200526158 | L28: observed rust to the enclosure at bottom side | M28: No proper maintanance of incoming material | N28: Cleaned with IPA solution and applied zinc spray coating | O28: Mr. Rajinikanth | P28: =I28+1 -> 46179 | R28: Mr. Rajinikanth | S28: =I28+1 -> 46179 | T28: Closed | U28: Damage | V28: Supplier Mistakes
A29: 25 | B29: IPQC | C29: R.Meena | E29: 6000033492 | F29: 4 | G29: 4 | H29: 0 | I29: 46178 | J29: RFID POWER SUPPLY | K29: 516329200526159-162 | L29: OK | O29: Mr. Rajinikanth | P29: =I29+1 -> 46179 | R29: Mr. Rajinikanth | S29: =I29+1 -> 46179 | T29: Closed | U29: OK | V29: OK
A30: 26 | B30: IPQC | C30: J.Malavika | E30: 6000033492 | F30: 10 | G30: 10 | H30: 0 | I30: 46179 | J30: RFID POWER SUPPLY | K30: 516329200626163-172 | L30: OK | O30: Mr. Rajinikanth | P30: =I30+1 -> 46180 | R30: Mr. Rajinikanth | S30: =I30+1 -> 46180 | T30: Closed | U30: OK | V30: OK
A31: 27 | B31: IPQC | C31: J.Malavika | E31: 6000033492 | F31: 10 | G31: 10 | H31: 0 | I31: 46181 | J31: RFID POWER SUPPLY | K31: 516329200626173-182 | L31: OK | O31: Mr. Rajinikanth | P31: =I31+1 -> 46182 | R31: Mr. Rajinikanth | S31: =I31+1 -> 46182 | T31: Closed | U31: OK | V31: OK
A32: 28 | B32: IPQC | C32: J.Malavika | E32: 6000033492 | F32: 1 | G32: 0 | H32: 1 | I32: 46181 | J32: RFID POWER SUPPLY | K32: 516329200626183 | L32: Observed rust to the bottom side of the enclosure | M32: No proper maintanance of incoming material | N32: Cleaned with IPA solution and applied zinc spray coating | O32: Mr. Rajinikanth | P32: =I32+1 -> 46182 | R32: Mr. Rajinikanth | S32: =I32+1 -> 46182 | T32: Closed | U32: Damage | V32: Supplier Mistakes
A33: 29 | B33: IPQC | C33: J.Malavika | E33: 6000033492 | F33: 9 | G33: 9 | H33: 0 | I33: 46181 | J33: RFID POWER SUPPLY | K33: 516329200626184-192 | L33: OK | O33: Mr. Rajinikanth | P33: =I33+1 -> 46182 | R33: Mr. Rajinikanth | S33: =I33+1 -> 46182 | T33: Closed | U33: OK | V33: OK
A34: 30 | B34: IPQC | C34: J.Malavika | E34: 6000033492 | F34: 32 | G34: 32 | H34: 0 | I34: 46182 | J34: RFID POWER SUPPLY | K34: 516329200626193-224 | L34: OK | O34: Mr. Rajinikanth | P34: =I34+1 -> 46183 | R34: Mr. Rajinikanth | S34: =I34+1 -> 46183 | T34: Closed | U34: OK | V34: OK
A35: 31 | B35: IPQC | C35: J.Malavika | E35: 6000033492 | F35: 22 | G35: 22 | H35: 0 | I35: 46183 | J35: RFID POWER SUPPLY | K35: 516329200626225-246 | L35: OK | O35: Mr. Rajinikanth | P35: =I35+1 -> 46184 | R35: Mr. Rajinikanth | S35: =I35+1 -> 46184 | T35: Closed | U35: OK | V35: OK
A36: 32 | B36: IPQC | C36: J.Malavika | E36: 6000033492 | F36: 2 | G36: 2 | H36: 0 | I36: 46185 | J36: RFID POWER SUPPLY | K36: 516329200626247-248 | L36: OK | O36: Mr. Rajinikanth | P36: =I36+1 -> 46186 | R36: Mr. Rajinikanth | S36: =I36+1 -> 46186 | T36: Closed | U36: OK | V36: OK
A37: 33 | B37: IPQC | C37: J.Malavika | E37: 6000033492 | F37: 1 | G37: 0 | H37: 1 | I37: 46185 | J37: RFID POWER SUPPLY | K37: 516329200626249 | L37: Loose fitment of M3*8mm socket head screw for PCBA. | M37: Due to no proper usage of suitable tool. | N37: Proper fixinng of M3*8mm socket head screw with 2.5mm allen key | O37: Mr. Rajinikanth | P37: =I37+1 -> 46186 | R37: Mr. Rajinikanth | S37: =I37+1 -> 46186 | T37: Closed | U37: Loose Fitment | V37: Assembly Errors
A38: 34 | B38: IPQC | C38: J.Malavika | E38: 6000033492 | F38: 6 | G38: 6 | H38: 0 | I38: 46185 | J38: RFID POWER SUPPLY | K38: 516329200626250-255 | L38: OK | O38: Mr. Rajinikanth | P38: =I38+1 -> 46186 | R38: Mr. Rajinikanth | S38: =I38+1 -> 46186 | T38: Closed | U38: OK | V38: OK
A39: 35 | B39: IPQC | C39: J.Malavika | E39: 6000033492 | F39: 1 | G39: 0 | H39: 1 | I39: 46185 | J39: RFID POWER SUPPLY | K39: 516329200626256 | L39: Missing of Name plate | M39: Module offered to QC without reviting the name plate. | N39: Name plated revited on the module. | O39: Mr. Rajinikanth | P39: =I39+1 -> 46186 | Q39: Training should be given to the operator to perform complete module assembly. | R39: Mr. Rajinikanth | S39: 46186 | T39: Closed | U39: Missing Component | V39: Assembly Errors
A40: 36 | B40: IPQC | C40: J.Malavika | E40: 6000033492 | F40: 5 | G40: 5 | H40: 0 | I40: 46185 | J40: RFID POWER SUPPLY | K40: 516329200626257-261 | L40: OK | O40: Mr. Rajinikanth | P40: =I40+1 -> 46186 | R40: Mr. Rajinikanth | S40: =I40+1 -> 46186 | T40: Closed | U40: OK | V40: OK
A41: 37 | B41: IPQC | C41: J.Malavika | E41: 6000033492 | F41: 20 | G41: 20 | H41: 0 | I41: 46188 | J41: RFID POWER SUPPLY | K41: 516329200626262-281 | L41: OK | O41: Mr. Rajinikanth | P41: =I41+1 -> 46189 | R41: Mr. Rajinikanth | S41: =I41+1 -> 46189 | T41: Closed | U41: OK | V41: OK
A42: 38 | B42: IPQC | C42: J.Malavika | E42: 6000033492 | F42: 15 | G42: 15 | H42: 0 | I42: 46189 | J42: RFID POWER SUPPLY | K42: 516329200626282-296 | L42: OK | O42: Mr. Rajinikanth | P42: =I42+1 -> 46190 | R42: Mr. Rajinikanth | S42: =I42+1 -> 46190 | T42: Closed | U42: OK | V42: OK
A43: 39 | B43: IPQC | C43: J.Malavika | E43: 6000033492 | F43: 13 | G43: 13 | H43: 0 | I43: 46190 | J43: RFID POWER SUPPLY | K43: 516329200626297-309 | L43: OK | O43: Mr. Rajinikanth | P43: =I43+1 -> 46191 | R43: Mr. Rajinikanth | S43: =I43+1 -> 46191 | T43: Closed | U43: OK | V43: OK
A44: 40 | B44: IPQC | C44: V.Amritha | E44: 6000033492 | F44: 2 | G44: 2 | H44: 0 | I44: 46192 | J44: RFID POWER SUPPLY | K44: 516329200626310-311 | L44: OK | O44: Mr. Rajinikanth | P44: =I44+1 -> 46193 | R44: Mr. Rajinikanth | S44: =I44+1 -> 46193 | T44: Closed | U44: OK | V44: OK
A45: 41 | B45: IPQC | C45: V.Amritha | E45: 6000033492 | F45: 1 | G45: 0 | H45: 1 | I45: 46192 | J45: RFID POWER SUPPLY | K45: 516329200626312 | L45: Hole inside of the enclosure | O45: Mr. Rajinikanth | P45: =I45+1 -> 46193 | R45: Mr. Rajinikanth | S45: =I45+1 -> 46193 | T45: Closed | U45: Damage | V45: Supplier Mistakes
A46: 42 | B46: IPQC | C46: V.Amritha | E46: 6000033492 | F46: 1 | G46: 1 | H46: 0 | I46: 46192 | J46: RFID POWER SUPPLY | K46: 516329200626313 | L46: OK | O46: Mr. Rajinikanth | P46: =I46+1 -> 46193 | R46: Mr. Rajinikanth | S46: =I46+1 -> 46193 | T46: Closed | U46: OK | V46: OK
A47: 43 | B47: IPQC | C47: V.Amritha | E47: 6000033492 | F47: 1 | G47: 0 | H47: 1 | I47: 46192 | J47: RFID POWER SUPPLY | K47: 516329200626314 | L47: Observed paint peel off on enclosure | M47: Incorrect material handling procedure | N47: Paint coated at the affected areas | O47: Mr. Rajinikanth | P47: =I47+1 -> 46193 | Q47: Use good-quality paint | R47: Mr. Rajinikanth | S47: =I47+1 -> 46193 | T47: Closed | U47: Paint Peel off | V47: Assembly Errors
A48: 44 | B48: IPQC | C48: V.Amritha | E48: 6000033492 | F48: 4 | G48: 4 | H48: 0 | I48: 46192 | J48: RFID POWER SUPPLY | K48: 516329200626315-318 | L48: OK | O48: Mr. Rajinikanth | P48: =I48+1 -> 46193 | R48: Mr. Rajinikanth | S48: =I48+1 -> 46193 | T48: Closed | U48: OK | V48: OK
A49: 45 | B49: IPQC | C49: V.Amritha | E49: 6000033492 | F49: 1 | G49: 0 | H49: 1 | I49: 46192 | J49: RFID POWER SUPPLY | K49: 516329200626319 | L49: Rust enclosure at bottom side | M49: No proper maintanance of incoming material | N49: Cleaned with IPA solution and applied zinc spray coating | O49: Mr. Rajinikanth | P49: =I49+1 -> 46193 | R49: Mr. Rajinikanth | S49: =I49+1 -> 46193 | T49: Closed | U49: Damage | V49: Supplier Mistakes
A50: 46 | B50: IPQC | C50: V.Amritha | E50: 6000033492 | F50: 12 | G50: 12 | H50: 0 | I50: 46192 | J50: RFID POWER SUPPLY | K50: 516329200626320-331 | L50: OK | O50: Mr. Rajinikanth | P50: =I50+1 -> 46193 | R50: Mr. Rajinikanth | S50: =I50+1 -> 46193 | T50: Closed | U50: OK | V50: OK
A51: 47 | B51: IPQC | C51: V.Amritha | E51: 6000033492 | F51: 19 | G51: 19 | H51: 0 | I51: 46193 | J51: RFID POWER SUPPLY | K51: 516329200626332-350 | L51: OK | O51: Mr. Rajinikanth | P51: =I51+1 -> 46194 | R51: Mr. Rajinikanth | S51: =I51+1 -> 46194 | T51: Closed | U51: OK | V51: OK
A52: 48 | B52: IPQC | C52: V.Amritha | E52: 6000033492 | F52: 8 | G52: 8 | H52: 0 | I52: 46193 | J52: RFID POWER SUPPLY | K52: 516329200626351-358 | L52: OK | O52: Mr. Rajinikanth | P52: =I52+1 -> 46194 | R52: Mr. Rajinikanth | S52: =I52+1 -> 46194 | T52: Closed | U52: OK | V52: OK
A53: 49 | B53: IPQC | C53: V.Amritha | E53: 6000033492 | F53: 7 | G53: 7 | H53: 0 | I53: 46195 | J53: RFID POWER SUPPLY | K53: 516329200626359-365 | L53: OK | O53: Mr. Rajinikanth | P53: =I53+1 -> 46196 | R53: Mr. Rajinikanth | S53: =I53+1 -> 46196 | T53: Closed | U53: OK | V53: OK
A54: 50 | B54: IPQC | C54: V.Amritha | E54: 6000033492 | F54: 1 | G54: 0 | H54: 1 | I54: 46195 | J54: RFID POWER SUPPLY | K54: 5163292006263566 | L54: Missing of Name plate | M54: Module offered to QC without reviting the name plate. | N54: Name plated revited on the module. | O54: Mr. Rajinikanth | P54: =I54+1 -> 46196 | Q54: Training should be given to the operator to perform complete module assembly. | R54: Mr. Rajinikanth | S54: 46196 | T54: Closed | U54: Missing Component | V54: Assembly Errors
A55: 51 | B55: IPQC | C55: V.Amritha | E55: 6000033492 | F55: 1 | G55: 1 | H55: 0 | I55: 46195 | J55: RFID POWER SUPPLY | K55: 5163292006263567 | L55: OK | O55: Mr. Rajinikanth | P55: =I55+1 -> 46196 | R55: Mr. Rajinikanth | S55: =I55+1 -> 46196 | T55: Closed | U55: OK | V55: OK
A56: 52 | B56: IPQC | C56: V.Amritha | E56: 6000033492 | F56: 1 | G56: 0 | H56: 1 | I56: 46195 | J56: RFID POWER SUPPLY | K56: 5163292006263568 | L56: Loose fitment of M6*15mm socket head screws for base plate fixing. | M56: Due to no proper usage of suitable tool. | N56: Proper fixing of M6*15mm socket head screw with 5mm allen key. | O56: Mr. Rajinikanth | P56: =I56+1 -> 46196 | R56: Mr. Rajinikanth | S56: =I56+1 -> 46196 | T56: Closed | U56: Loose Fitment | V56: Assembly Errors
A57: 53 | B57: IPQC | C57: V.Amritha | E57: 6000033492 | F57: 13 | G57: 13 | H57: 0 | I57: 46195 | J57: RFID POWER SUPPLY | K57: 5163292006263569-381 | L57: OK | O57: Mr. Rajinikanth | P57: =I57+1 -> 46196 | R57: Mr. Rajinikanth | S57: =I57+1 -> 46196 | T57: Closed | U57: OK | V57: OK
A58: 54 | B58: IPQC | C58: V.Amritha | E58: 6000033492 | F58: 8 | G58: 8 | H58: 0 | I58: 46196 | J58: RFID POWER SUPPLY | K58: 516329200626382-389 | L58: OK | O58: Mr. Rajinikanth | P58: =I58+1 -> 46197 | R58: Mr. Rajinikanth | S58: =I58+1 -> 46197 | T58: Closed | U58: OK | V58: OK
A59: 55 | B59: IPQC | C59: V.Amritha | E59: 6000033492 | F59: 10 | G59: 10 | H59: 0 | I59: 46197 | J59: RFID POWER SUPPLY | K59: 516329200626390-399 | L59: OK | O59: Mr. Rajinikanth | P59: =I59+1 -> 46198 | R59: Mr. Rajinikanth | S59: =I59+1 -> 46198 | T59: Closed | U59: OK | V59: OK
A60: 56 | B60: IPQC | C60: V.Amritha | E60: 6000033492 | F60: 1 | G60: 0 | H60: 1 | I60: 46197 | J60: RFID POWER SUPPLY | K60: 516329200626400 | L60: Observed rust to the enclosure at bottom side | M60: No proper maintanance of incoming material | N60: Cleaned with IPA solution and applied zinc spray coating | O60: Mr. Rajinikanth | R60: Mr. Rajinikanth | U60: Damage | V60: Supplier Mistakes
A61: 57 | B61: IPQC | C61: V.Amritha | E61: 6000033492 | F61: 9 | G61: 9 | H61: 0 | I61: 46197 | J61: RFID POWER SUPPLY | K61: 516329200626401-409 | L61: OK | R61: Mr. Rajinikanth | U61: OK | V61: OK
A62: 58 | B62: IPQC | C62: V.Amritha | E62: 6000033492 | F62: 29 | G62: 29 | H62: 0 | I62: 46199 | J62: RFID POWER SUPPLY | K62: 516329200626410-438 | L62: OK | O62: Mr. Rajinikanth | P62: =I62+1 -> 46200 | R62: Mr. Rajinikanth | S62: =I62+1 -> 46200 | T62: Closed | U62: OK | V62: OK
A63: 59 | B63: IPQC | C63: V.Amritha | E63: 6000033492 | F63: 19 | G63: 19 | H63: 0 | I63: 46202 | J63: RFID POWER SUPPLY | K63: 516329200626439-457 | L63: OK | O63: Mr. Rajinikanth | P63: =I63+1 -> 46203 | R63: Mr. Rajinikanth | S63: =I63+1 -> 46203 | T63: Closed | U63: OK | V63: OK
A64: 60 | B64: IPQC | C64: V.Amritha | E64: 6000033492 | F64: 1 | G64: 0 | H64: 1 | I64: 46202 | J64: RFID POWER SUPPLY | K64: 516329200626458 | L64: Loose fitment of M6*15mm socket head screws for base plate fixing. | M64: Due to no proper usage of suitable tool. | N64: Proper fixing of M6*15mm socket head screw with 5mm allen key. | O64: Mr. Rajinikanth | R64: Mr. Rajinikanth | U64: Loose Fitment | V64: Assembly Errors
A65: 61 | B65: IPQC | C65: V.Amritha | E65: 6000033492 | F65: 15 | G65: 15 | H65: 0 | I65: 46202 | J65: RFID POWER SUPPLY | K65: 516329200626459-473 | L65: OK | R65: Mr. Rajinikanth | U65: OK | V65: OK
A66: 62 | B66: IPQC | C66: V.Amritha | E66: 6000033492 | F66: 8 | G66: 8 | H66: 0 | I66: 46203 | J66: RFID POWER SUPPLY | K66: 516329200626474-481 | L66: OK | O66: Mr. Rajinikanth | P66: =I66+1 -> 46204 | R66: Mr. Rajinikanth | S66: =I66+1 -> 46204 | T66: Closed | U66: OK | V66: OK
A67: 63 | B67: IPQC | C67: J.Malavika | E67: 6000033492 | F67: 15 | G67: 15 | H67: 0 | I67: 46204 | J67: RFID POWER SUPPLY | K67: 516329200626482-496 | L67: OK | O67: Mr. Rajinikanth | P67: =I67+1 -> 46205 | R67: Mr. Rajinikanth | S67: =I67+1 -> 46205 | T67: Closed | U67: OK | V67: OK
A68: 64 | B68: IPQC | C68: J.Malavika | E68: 6000033492 | F68: 5 | G68: 5 | H68: 0 | I68: 46205 | J68: RFID POWER SUPPLY | K68: 516329200626497-501 | L68: OK | O68: Mr. Rajinikanth | P68: =I68+1 -> 46206 | R68: Mr. Rajinikanth | S68: =I68+1 -> 46206 | T68: Closed | U68: OK | V68: OK
A69: 65 | B69: IPQC | C69: J.Malavika | E69: 6000033492 | F69: 1 | G69: 0 | H69: 1 | I69: 46205 | J69: RFID POWER SUPPLY | K69: 51632900726502 | L69: Loose fitment of M6*15mm socket head screws for base plate fixing. | M69: Due to no proper usage of suitable tool. | N69: Proper fixing of M6*15mm socket head screw with 5mm allen key. | O69: Mr. Rajinikanth | R69: Mr. Rajinikanth | T69: Closed | U69: Loose Fitment | V69: Assembly Errors
A70: 66 | B70: IPQC | C70: J.Malavika | E70: 6000033492 | F70: 2 | G70: 2 | H70: 0 | I70: 46205 | J70: RFID POWER SUPPLY | K70: 51632900726503-504 | L70: OK | R70: Mr. Rajinikanth | U70: OK | V70: OK
A71: 67 | B71: IPQC | C71: J.Malavika | E71: 6000033492 | F71: 10 | G71: 10 | H71: 0 | I71: 46205 | J71: RFID POWER SUPPLY | K71: 51632900726505-514 | L71: OK | O71: Mr. Rajinikanth | P71: =I71+1 -> 46206 | R71: Mr. Rajinikanth | S71: =I71+1 -> 46206 | T71: Closed | U71: OK | V71: OK
A72: 68 | B72: IPQC | C72: V.Amritha | E72: 6000033492 | F72: 5 | G72: 5 | H72: 0 | I72: 46206 | J72: RFID POWER SUPPLY | K72: 51632900726515-519 | L72: OK | O72: Mr. Rajinikanth | P72: =I72+1 -> 46207 | R72: Mr. Rajinikanth | S72: =I72+1 -> 46207 | T72: Closed | U72: OK | V72: OK
A73: 69 | B73: IPQC | C73: V.Amritha | E73: 6000033492 | F73: 1 | G73: 0 | H73: 1 | I73: 46206 | J73: RFID POWER SUPPLY | K73: 51632900726520 | L73: Loose fitment of M6*15mm socket head screws for base plate fixing. | M73: Due to no proper usage of suitable tool. | N73: Proper fixing of M6*15mm socket head screw with 5mm allen key. | O73: Mr. Rajinikanth | P73: =I73+1 -> 46207 | R73: Mr. Rajinikanth | S73: =I73+1 -> 46207 | T73: Closed | U73: Loose Fitment | V73: Assembly Errors
A74: 70 | B74: IPQC | C74: V.Amritha | E74: 6000033492 | F74: 7 | G74: 7 | H74: 0 | I74: 46206 | J74: RFID POWER SUPPLY | K74: 51632900726521-527 | L74: OK | O74: Mr. Rajinikanth | P74: =I74+1 -> 46207 | R74: Mr. Rajinikanth | S74: =I74+1 -> 46207 | T74: Closed | U74: OK | V74: OK
A75: 71 | B75: IPQC | C75: V.Amritha | E75: 6000033492 | F75: 1 | G75: 0 | H75: 1 | I75: 46206 | J75: RFID POWER SUPPLY | K75: 51632900726528 | L75: Loose fitment of M6*15mm socket head screws for base plate fixing. | M75: Due to no proper usage of suitable tool. | N75: Proper fixing of M6*15mm socket head screw with 5mm allen key. | O75: Mr. Rajinikanth | P75: =I75+1 -> 46207 | R75: Mr. Rajinikanth | S75: =I75+1 -> 46207 | T75: Closed | U75: Loose Fitment | V75: Assembly Errors
A76: 72 | B76: IPQC | C76: V.Amritha | E76: 6000033492 | F76: 12 | G76: 12 | H76: 0 | I76: 46206 | J76: RFID POWER SUPPLY | K76: 51632900726529-540 | L76: OK | O76: Mr. Rajinikanth | P76: =I76+1 -> 46207 | R76: Mr. Rajinikanth | S76: =I76+1 -> 46207 | T76: Closed | U76: OK | V76: OK
A77: 73 | B77: IPQC | C77: V.Amritha | E77: 6000033492 | F77: 20 | G77: 20 | H77: 0 | I77: 46207 | J77: RFID POWER SUPPLY | K77: 51632900726541-560 | L77: OK | O77: Mr. Rajinikanth | P77: =I77+1 -> 46208 | R77: Mr. Rajinikanth | S77: =I77+1 -> 46208 | T77: Closed | U77: OK | V77: OK
A78: 74 | B78: IPQC | C78: V.Amritha | E78: 6000033492 | F78: 12 | G78: 12 | H78: 0 | I78: 46209 | J78: RFID POWER SUPPLY | K78: 51632900726561-572 | L78: OK | O78: Mr. Rajinikanth | P78: =I78+1 -> 46210 | R78: Mr. Rajinikanth | S78: =I78+1 -> 46210 | T78: Closed | U78: OK | V78: OK
A79: 75 | B79: IPQC | C79: V.Amritha | E79: 6000033492 | F79: 8 | G79: 8 | H79: 0 | I79: 46210 | J79: RFID POWER SUPPLY | K79: 516329200726573-580 | L79: OK | O79: Mr. Rajinikanth | P79: =I79+1 -> 46211 | R79: Mr. Rajinikanth | S79: =I79+1 -> 46211 | T79: Closed | U79: OK | V79: OK
A80: 76 | B80: IPQC | C80: V.Amritha | E80: 6000033492 | F80: 1 | G80: 0 | H80: 1 | I80: 46210 | J80: RFID POWER SUPPLY | K80: 516329200726581 | L80: Loose fitment of J1 harness connector to PCBA. | M80: Due to no proper usage of suitable tool. | N80: Proper fixing of M6*15mm socket head screw with 5mm allen key. | O80: Mr. Rajinikanth | P80: =I80+1 -> 46211 | R80: Mr. Rajinikanth | S80: =I80+1 -> 46211 | T80: Closed | U80: Loose Fitment | V80: Assembly Errors
A81: 77 | B81: IPQC | C81: V.Amritha | E81: 6000033492 | F81: 7 | G81: 7 | H81: 0 | I81: 46210 | J81: RFID POWER SUPPLY | K81: 51632900726582-588 | L81: OK | O81: Mr. Rajinikanth | P81: =I81+1 -> 46211 | R81: Mr. Rajinikanth | S81: =I81+1 -> 46211 | T81: Closed | U81: OK | V81: OK
A82: 78 | B82: IPQC | C82: V.Amritha | E82: 6000033492 | F82: 12 | G82: 12 | H82: 0 | I82: 46211 | J82: RFID POWER SUPPLY | K82: 516329200726589-600 | L82: OK | O82: Mr. Rajinikanth | P82: =I82+1 -> 46212 | R82: Mr. Rajinikanth | S82: =I82+1 -> 46212 | T82: Closed | U82: OK | V82: OK
A83: 79 | B83: IPQC | C83: R.Meena | E83: 6000033492 | F83: 4 | G83: 4 | H83: 0 | I83: 46212 | J83: RFID POWER SUPPLY | K83: 51632900726601-604 | L83: OK | O83: Mr. Rajinikanth | P83: =I83+1 -> 46213 | R83: Mr. Rajinikanth | S83: =I83+1 -> 46213 | T83: Closed | U83: OK | V83: OK
A84: 80 | B84: IPQC | C84: V.Amritha | E84: 6000033492 | F84: 1 | G84: 0 | H84: 1 | I84: 46213 | J84: RFID POWER SUPPLY | K84: 51632920072605 | L84: Received Label holes not as specified in Mechanical drawing | O84: Mr. Rajinikanth | P84: =I84+1 -> 46214 | R84: Mr. Rajinikanth | S84: 46184 | T84: Closed | U84: Wrong material | V84: Supplier Mistakes
A85: 81 | B85: IPQC | C85: V.Amritha | E85: 6000033492 | F85: 6 | G85: 6 | H85: 0 | I85: 46213 | J85: RFID POWER SUPPLY | K85: 51632920072606-611 | L85: OK | O85: Mr. Rajinikanth | P85: =I85+1 -> 46214 | R85: Mr. Rajinikanth | S85: =I85+1 -> 46214 | T85: Closed | U85: OK | V85: OK
A86: 82 | B86: IPQC | C86: V.Amritha | E86: 6000033492 | F86: 1 | G86: 0 | H86: 1 | I86: 46213 | J86: RFID POWER SUPPLY | K86: 51632920072612 | L86: Observed paint peel off on enclosure | M86: Incorrect material handling procedure | N86: Paint coated at the affected areas | O86: Mr. Rajinikanth | P86: =I86+1 -> 46214 | Q86: Use good-quality paint | R86: Mr. Rajinikanth | S86: =I86+1 -> 46214 | T86: Closed | U86: Paint Peel off | V86: Assembly Errors
A87: 83 | B87: IPQC | C87: V.Amritha | E87: 6000033492 | F87: 8 | G87: 8 | H87: 0 | I87: 46213 | J87: RFID POWER SUPPLY | K87: 51632920072613-620 | L87: OK | O87: Mr. Rajinikanth | P87: =I87+1 -> 46214 | R87: Mr. Rajinikanth | S87: =I87+1 -> 46214 | T87: Closed | U87: OK | V87: OK
A88: 84 | B88: IPQC | C88: V.Amritha | E88: 6000033492 | F88: 1 | G88: 1 | H88: 0 | I88: 46214 | J88: RFID POWER SUPPLY | K88: 51632920072621 | L88: OK | O88: Mr. Rajinikanth | P88: =I88+1 -> 46215 | R88: Mr. Rajinikanth | S88: =I88+1 -> 46215 | T88: Closed | U88: OK | V88: OK
A89: 85 | B89: IPQC | C89: V.Amritha | E89: 6000033492 | F89: 1 | G89: 0 | H89: 1 | I89: 46214 | J89: RFID POWER SUPPLY | K89: 51632920072622 | L89: Loose fitment of M3*8mm socket head screws for PCBA. | M89: Due to no proper usage of suitable tool. | N89: Proper fixinng of M3*8mm socket head screw with 2.5mm allen key | O89: Mr. Rajinikanth | P89: =I89+1 -> 46215 | R89: Mr. Rajinikanth | U89: Loose Fitment | V89: Assembly Errors
A90: 86 | B90: IPQC | C90: V.Amritha | E90: 6000033492 | F90: 9 | G90: 9 | H90: 0 | I90: 46214 | J90: RFID POWER SUPPLY | K90: 51632920072623-631 | L90: OK | P90: =I90+1 -> 46215 | R90: Mr. Rajinikanth | U90: OK | V90: OK
A91: 90 | B91: IPQC | C91: V.Amritha | E91: 6000033492 | F91: 1 | G91: 0 | H91: 1 | I91: 46214 | J91: RFID POWER SUPPLY | K91: 51632920072632 | L91: Loose fitment of M3*8mm socket head screws for PCBA. | M91: Due to no proper usage of suitable tool. | N91: Proper fixinng of M3*8mm socket head screw with 2.5mm allen key | O91: Mr. Rajinikanth | P91: =I91+1 -> 46215 | R91: Mr. Rajinikanth | S91: =I91+1 -> 46215 | T91: Closed | U91: Loose Fitment | V91: Assembly Errors
A92: 91 | B92: IPQC | C92: V.Amritha | E92: 6000033492 | F92: 4 | G92: 4 | H92: 0 | I92: 46214 | J92: RFID POWER SUPPLY | K92: 51632920072633-636 | L92: OK | O92: Mr. Rajinikanth | P92: =I92+1 -> 46215 | R92: Mr. Rajinikanth | S92: =I92+1 -> 46215 | T92: Closed | U92: OK | V92: OK
A93: 92 | B93: IPQC | C93: V.Amritha | E93: 6000033492 | F93: 1 | G93: 0 | H93: 1 | I93: 46214 | J93: RFID POWER SUPPLY | K93: 51632920072637 | L93: Loose fitment of M3*8mm socket head screws for PCBA. | M93: Due to no proper usage of suitable tool. | N93: Proper fixinng of M3*8mm socket head screw with 2.5mm allen key | O93: Mr. Rajinikanth | P93: =I93+1 -> 46215 | R93: Mr. Rajinikanth | S93: =I93+1 -> 46215 | T93: Closed | U93: Loose Fitment | V93: Assembly Errors
A94: 93 | B94: IPQC | C94: V.Amritha | E94: 6000033492 | F94: 7 | G94: 7 | H94: 0 | I94: 46214 | J94: RFID POWER SUPPLY | K94: 51632920072638-644 | L94: OK | O94: Mr. Rajinikanth | P94: =I94+1 -> 46215 | R94: Mr. Rajinikanth | S94: =I94+1 -> 46215 | T94: Closed | U94: OK | V94: OK
A95: 94 | B95: IPQC | C95: V.Amritha | E95: 6000033492 | F95: 1 | G95: 0 | H95: 1 | I95: 46214 | J95: RFID POWER SUPPLY | K95: 51632920072645 | L95: Loose fitment of M3*8mm socket head screws for PCBA. | M95: Due to no proper usage of suitable tool. | N95: Proper fixinng of M3*8mm socket head screw with 2.5mm allen key | O95: Mr. Rajinikanth | P95: =I95+1 -> 46215 | R95: Mr. Rajinikanth | S95: =I95+1 -> 46215 | T95: Closed | U95: Loose Fitment | V95: Assembly Errors
A96: 95 | B96: IPQC | C96: V.Amritha | E96: 6000033492 | F96: 2 | G96: 2 | H96: 0 | I96: 46214 | J96: RFID POWER SUPPLY | K96: 51632920072646-647 | L96: OK | O96: Mr. Rajinikanth | P96: =I96+1 -> 46215 | R96: Mr. Rajinikanth | S96: =I96+1 -> 46215 | T96: Closed | U96: OK | V96: OK
A97: 96 | B97: IPQC | C97: V.Amritha | E97: 6000033492 | F97: 1 | G97: 0 | H97: 1 | I97: 46214 | J97: RFID POWER SUPPLY | K97: 51632920072648 | L97: Loose fitment of M3*8mm socket head screws for PCBA. | M97: Due to no proper usage of suitable tool. | N97: Proper fixinng of M3*8mm socket head screw with 2.5mm allen key | O97: Mr. Rajinikanth | P97: =I97+1 -> 46215 | R97: Mr. Rajinikanth | S97: =I97+1 -> 46215 | U97: Loose Fitment | V97: Assembly Errors
A98: 97 | B98: IPQC | C98: V.Amritha | E98: 6000033492 | F98: 3 | G98: 3 | H98: 0 | I98: 46214 | J98: RFID POWER SUPPLY | K98: 51632920072649-651 | L98: OK | P98: =I98+1 -> 46215 | R98: Mr. Rajinikanth | S98: =I98+1 -> 46215 | U98: OK | V98: OK
A99: 98 | B99: IPQC | C99: V.Amritha | E99: 6000033492 | F99: 1 | G99: 0 | H99: 1 | I99: 46214 | J99: RFID POWER SUPPLY | K99: 51632920072652 | L99: Loose fitment of M3*8mm socket head screws for PCBA. | M99: Due to no proper usage of suitable tool. | N99: Proper fixinng of M3*8mm socket head screw with 2.5mm allen key | O99: Mr. Rajinikanth | P99: =I99+1 -> 46215 | R99: Mr. Rajinikanth | S99: =I99+1 -> 46215 | U99: Loose Fitment | V99: Assembly Errors
A100: 99 | B100: IPQC | C100: V.Amritha | E100: 6000033492 | F100: 5 | G100: 5 | H100: 0 | I100: 46214 | J100: RFID POWER SUPPLY | K100: 51632920072653-657 | L100: OK | P100: =I100+1 -> 46215 | R100: Mr. Rajinikanth | S100: =I100+1 -> 46215 | U100: OK | V100: OK
...

Sheet Summary of  SPDM Update format
A1: SPDM Failure Summary April - September 2026
B3: TYPE OF MODULE | C3: Total inspection Quantity | D3: Total Accepted Quantity | E3: Total Defect Quantity | F3: FTR % | G3: Defect %
B4: SPDM | C4: =SUM(SPDM!G4:G801) -> 2277 | D4: =SUM(SPDM!H4:H801) -> 1881 | E4: =SUM(SPDM!I4:I801) -> 396 | F4: =D4/C4 -> 0.82608696 | G4: =E4/C4 -> 0.17391304
B7: Item / Module Name | C7: Production QTY | D7: Accepted QTY | E7: Defect QTY | F7: FTR % | G7: Defect Rate (%)
B8: SPEEDOMETER-1 | C8: 1166 | D8: 962 | E8: 204 | F8: =D8/C8 -> 0.82504288 | G8: =E8/C8 -> 0.17495712
B9: SPRRDOMETER-2 | C9: 1111 | D9: 919 | E9: 192 | F9: =D9/C9 -> 0.82718272 | G9: =E9/C9 -> 0.17281728
B13: Category of the problem | C13: No of issues Quantity | D13: Cumulative Quantity | E13: Cumulative (%) | F13: Defect Contribution (%)
B14: Air leakages | C14: 336 | D14: =C14 -> 336 | E14: =D14/$D$16 -> 0.84848485 | F14: =C14/SUM($E$8:$E$11) -> 0.84848485
B15: Assembly Errors | C15: 48 | D15: =D14+C15 -> 384 | E15: =D15/$D$16 -> 0.96969697 | F15: =C15/SUM($E$8:$E$11) -> 0.12121212
B16: Damages | C16: 12 | D16: =D15+C16 -> 396 | E16: =D16/$D$16 -> 1 | F16: =C16/SUM($E$8:$E$11) -> 0.03030303
B18: Sub Category of the problem | C18: No of issues Quantity | D18: Cumulative Quantity | E18: Cumulative (%) | F18: Defect Contribution (%)
B19: Loose fitment | C19: 370 | D19: =C19 -> 370 | E19: =D19/$D$26 -> 0.93434343 | F19: =C19/$D$26 -> 0.93434343
B20: Wrong Operation | C20: 11 | D20: =C20+D19 -> 381 | E20: =D20/$D$26 -> 0.96212121 | F20: =C20/$D$26 -> 0.027777778
B21: Scratches | C21: 6 | D21: =D20+C21 -> 387 | E21: =D21/$D$26 -> 0.97727273 | F21: =C21/$D$26 -> 0.015151515
B22: Paint peel off | C22: 4 | D22: =D21+C22 -> 391 | E22: =D22/$D$26 -> 0.98737374 | F22: =C22/$D$26 -> 0.01010101
B23: Rust | C23: 2 | D23: =D22+C23 -> 393 | E23: =D23/$D$26 -> 0.99242424 | F23: =C23/$D$26 -> 0.0050505051
B24: Bend | C24: 1 | D24: =D23+C24 -> 394 | E24: =D24/$D$26 -> 0.99494949 | F24: =C24/$D$26 -> 0.0025252525
B25: Dust | C25: 1 | D25: =D24+C25 -> 395 | E25: =D25/$D$26 -> 0.99747475 | F25: =C25/$D$26 -> 0.0025252525
B26: Missing Operation | C26: 1 | D26: =D25+C26 -> 396 | E26: =D26/$D$26 -> 1 | F26: =C26/$D$26 -> 0.0025252525

Sheet SPDM
A1: SPDM Failure Report by QC Engineer at Factory
F2: TOTAL | G2: =SUM(G3,G4:G814) -> 2289 | H2: =SUM(H4:H801) -> 1881 | I2: =SUM(I3,I4:I814) -> 399
B3: Failure detected Area IPQC | C3: Failure Reported by (Name of QC Eng) | D3: Date of occurrence of failures | E3: Part Number | F3: Sl No of failed item | G3: Production Qty | H3: Accepted Qty | I3: Rework Qty | J3: "Observed Problem (First information Report)" | K3: Root Cause of failure | L3: Action to be taken (Corrective action) | M3: Responsible person | N3: Target Date | O3: Preventive Action | P3: Responsible person.1 | Q3: Target Date.1 | R3: Status (Issue Closed / Open) | S3: Sub Category | T3: Category of Problem | U3: Remarks, if any
A4: 1 | B4: IPQC | C4: R.MEENA R.NAVANEETHA G.SRAVANTHI | D4: 46120 | E4: 6000052976 | F4: 516300030426001 | G4: 1 | H4: 0 | I4: 1 | J4: Loose fitment of MC-21 male MIL Connector. | K4: Operator mistake during assembly | L4: Tightened the connector with the buska tool as per its standards | M4: Rajinikanth | O4: The operator shall use the appropriate tools and equipment, including the Buska tool, as specified in the assembly procedure and follow the manufacturer’s instructions | P4: Rajinikanth | R4: Closed | S4: Loose Fitment | T4: Air Leakage
A5: 2 | B5: IPQC | C5: R.MEENA R.NAVANEETHA G.SRAVANTHI | D5: 46120 | E5: 6000052976 | F5: 516300030426002-019 | G5: 18 | H5: 18 | I5: 0 | J5: OK | M5: Rajinikanth | P5: Rajinikanth | S5: OK | T5: OK
A6: 3 | B6: IPQC | C6: R.MEENA R.NAVANEETHA G.SRAVANTHI | D6: 46120 | E6: 6000052977 | F6: 516300040426001-008 | G6: 8 | H6: 8 | I6: 0 | J6: OK | M6: Rajinikanth | P6: Rajinikanth | S6: OK | T6: OK
A7: 4 | B7: IPQC | C7: R.MEENA R.NAVANEETHA G.SRAVANTHI | D7: 46120 | E7: 6000052977 | F7: 516300040426009 | G7: 1 | H7: 1 | I7: 0 | J7: OK | M7: Rajinikanth | P7: Rajinikanth | S7: OK | T7: OK
A8: 5 | B8: IPQC | C8: R.MEENA R.NAVANEETHA G.SRAVANTHI | D8: 46120 | E8: 6000052977 | F8: 516300040426010 | G8: 1 | H8: 0 | I8: 1 | J8: Air leakage from Enclosure. | K8: Transit damages. Gap between enclosure & FRP top cover due to bend at corners of the enclosure. | L8: Enclosure Compact had changed | M8: Rajinikanth | O8: Packing of enclosures at vendor's place to be improved. Care to be taken during transportation. Care to be taken for proper preservation at stores. Care to be taken at the time of internal movement during production. | P8: Rajinikanth | R8: Closed | S8: Loose Fitment | T8: Air Leakage
A9: 6 | B9: IPQC | C9: R.MEENA R.NAVANEETHA G.SRAVANTHI | D9: 46120 | E9: 6000052977 | F9: 516300040426011 | G9: 1 | H9: 0 | I9: 1 | J9: Loose fitment of FRP top cover and enclosure screws observed air leakage . | K9: Transit damages. Gap between enclosure & FRP top cover due to bend at corners of the enclosure. | L9: Enclosure Compact had changed | M9: Rajinikanth | O9: Packing of enclosures at vendor's place to be improved. Care to be taken during transportation. Care to be taken for proper preservation at stores. Care to be taken at the time of internal movement during production. | P9: Rajinikanth | R9: Closed | S9: Loose Fitment | T9: Air Leakage
A10: 7 | B10: IPQC | C10: R.MEENA R.NAVANEETHA G.SRAVANTHI | D10: 46120 | E10: 6000052977 | F10: 516300040426012 - 019 | G10: 8 | H10: 8 | I10: 0 | J10: OK | M10: Rajinikanth | P10: Rajinikanth | S10: OK | T10: OK
A11: 8 | B11: IPQC | C11: R.MEENA | D11: 46121 | E11: 6000052976 | F11: 516300030426020-21 | G11: 2 | H11: 2 | I11: 0 | J11: OK | M11: Rajinikanth | P11: Rajinikanth | S11: OK | T11: OK
A12: 9 | B12: IPQC | C12: R.MEENA | D12: 46121 | E12: 6000052976 | F12: 516300030426022 | G12: 1 | H12: 0 | I12: 1 | J12: Loose fitment of FRP top cover and enclosure screws observed air leakage . | K12: Transit damages. Gap between enclosure & FRP top cover due to bend at corners of the enclosure. | L12: Enclosure Compact had changed | M12: Rajinikanth | O12: Packing of enclosures at vendor's place to be improved. Care to be taken during transportation. Care to be taken for proper preservation at stores. Care to be taken at the time of internal movement during production. | P12: Rajinikanth | R12: Closed | S12: Loose Fitment | T12: Air Leakage
A13: 10 | B13: IPQC | C13: R.MEENA | D13: 46121 | E13: 6000052976 | F13: 516300030426023 - 025 | G13: 3 | H13: 3 | I13: 0 | J13: OK | M13: Rajinikanth | P13: Rajinikanth | S13: OK | T13: OK
A14: 11 | B14: IPQC | C14: R.MEENA | D14: 46121 | E14: 6000052977 | F14: 516300040426020-025 | G14: 5 | H14: 5 | I14: 0 | J14: OK | M14: Rajinikanth | P14: Rajinikanth | S14: OK | T14: OK
A15: 12 | B15: IPQC | C15: R.MEENA | D15: 46132 | E15: 6000052976 | F15: 516300030426026 - 028 | G15: 3 | H15: 3 | I15: 0 | J15: OK | M15: Rajinikanth | P15: Rajinikanth | S15: OK | T15: OK
A16: 13 | B16: IPQC | C16: R.MEENA | D16: 46132 | E16: 6000052976 | F16: 516300030426029 | G16: 1 | H16: 0 | I16: 1 | J16: Air leakage from CN-1 female MIL connector. | K16: Operator mistake during assembly | L16: Tightened the connector with the buska tool as per its standards | M16: Rajinikanth | O16: The operator shall use the appropriate tools and equipment, including the Buska tool, as specified in the assembly procedure and follow the manufacturer’s instructions | P16: Rajinikanth | R16: Closed | S16: Loose Fitment | T16: Air Leakage
A17: 14 | B17: IPQC | C17: R.MEENA | D17: 46132 | E17: 6000052976 | F17: 516300030426030 -035 | G17: 6 | H17: 6 | I17: 0 | J17: OK | M17: Rajinikanth | P17: Rajinikanth | S17: OK | T17: OK
A18: 15 | B18: IPQC | C18: R.MEENA | D18: 46132 | E18: 6000052977 | F18: 516300040426026-029 | G18: 4 | H18: 4 | I18: 0 | J18: OK | M18: Rajinikanth | P18: Rajinikanth | S18: OK | T18: OK
A19: 16 | B19: IPQC | C19: R.MEENA | D19: 46132 | E19: 6000052977 | F19: 516300040426030 | G19: 1 | H19: 0 | I19: 1 | J19: Air leakage from CN-1 female MIL connector. | K19: Operator mistake during assembly | L19: Tightened the connector with the buska tool as per its standards | M19: Rajinikanth | O19: The operator shall use the appropriate tools and equipment, including the Buska tool, as specified in the assembly procedure and follow the manufacturer’s instructions | P19: Rajinikanth | R19: Closed | S19: Loose Fitment | T19: Air Leakage
A20: 17 | B20: IPQC | C20: R.MEENA | D20: 46132 | E20: 6000052977 | F20: 516300040426031-035 | G20: 5 | H20: 5 | I20: 0 | J20: OK | M20: Rajinikanth | P20: Rajinikanth | S20: OK | T20: OK
A21: 18 | B21: IPQC | C21: R.MEENA | D21: 46146 | E21: 6000052977 | F21: 516300040526036 - 045 | G21: 15 | H21: 15 | I21: 0 | J21: OK | K21: OK | M21: Rajinikanth | P21: Rajinikanth | S21: OK | T21: OK
A22: 19 | B22: IPQC | C22: R.MEENA | D22: 46146 | E22: 6000052976 | F22: 516300030526036-038 | G22: 3 | H22: 3 | I22: 0 | J22: OK | M22: Rajinikanth | P22: Rajinikanth | S22: OK | T22: OK
A23: 20 | B23: IPQC | C23: R.MEENA | D23: 46146 | E23: 6000052976 | F23: 516300040426039 | G23: 1 | H23: 0 | I23: 1 | J23: Loose fitment of MC-21 male MIL Connector. | M23: Rajinikanth | P23: Rajinikanth | R23: Closed | S23: Loose Fitment | T23: Air Leakage
A24: 21 | B24: IPQC | C24: R.MEENA | D24: 46146 | E24: 6000052976 | F24: 516300040426040 | G24: 1 | H24: 1 | I24: 0 | J24: OK | M24: Rajinikanth | P24: Rajinikanth | S24: OK | T24: OK
A25: 22 | B25: IPQC | C25: R.MEENA | D25: 46154 | E25: 6000052976 | F25: 516300030526041-049 | G25: 9 | H25: 9 | I25: 0 | J25: OK | M25: Rajinikanth | P25: Rajinikanth | S25: OK | T25: OK
A26: 23 | B26: IPQC | C26: R.MEENA | D26: 46154 | E26: 6000052976 | F26: 516300030526050 | G26: 1 | H26: 0 | I26: 1 | J26: Loose fitment of MC-21 male MIL Connector. | M26: Rajinikanth | P26: Rajinikanth | R26: Closed | S26: Loose Fitment | T26: Air Leakage
A27: 24 | B27: IPQC | C27: R.MEENA | D27: 46154 | E27: 6000052977 | F27: 516300040526046-051 | G27: 6 | H27: 6 | I27: 0 | J27: OK | M27: Rajinikanth | P27: Rajinikanth | S27: OK | T27: OK
A28: 25 | B28: IPQC | C28: R.MEENA | D28: 46158 | E28: 6000052976 | F28: 516300030526051-057 | G28: 7 | H28: 7 | I28: 0 | J28: OK | M28: Rajinikanth | P28: Rajinikanth | S28: OK | T28: OK
A29: 26 | B29: IPQC | C29: R.MEENA | D29: 46158 | E29: 6000052976 | F29: 516300030526058 | G29: 1 | H29: 0 | I29: 1 | J29: Wrong riviting of MIL Connector MC-21 label | M29: Rajinikanth | P29: Rajinikanth | S29: Wrong Operation | T29: Assembly Errors
A30: 27 | B30: IPQC | C30: R.MEENA | D30: 46158 | E30: 6000052976 | F30: 516300030526059 - 063 | G30: 5 | H30: 5 | I30: 0 | J30: OK | M30: Rajinikanth | P30: Rajinikanth | S30: OK | T30: OK
A31: 28 | B31: IPQC | C31: R.MEENA | D31: 46158 | E31: 6000052977 | F31: 516300040526052- 054 | G31: 4 | H31: 4 | I31: 0 | J31: OK | M31: Rajinikanth | P31: Rajinikanth | S31: OK | T31: OK
A32: 29 | B32: IPQC | C32: R.MEENA | D32: 46158 | E32: 6000052977 | F32: 516300040526055 | G32: 1 | H32: 0 | I32: 1 | J32: Loose fitment of FRP top cover and enclosure screws observed air leakage . | K32: Transit damages. Gap between enclosure & FRP top cover due to bend at corners of the enclosure. | L32: Enclosure Compact had changed | M32: Rajinikanth | O32: Packing of enclosures at vendor's place to be improved. Care to be taken during transportation. Care to be taken for proper preservation at stores. Care to be taken at the time of internal movement during production. | P32: Rajinikanth | R32: Closed | S32: Loose Fitment | T32: Air Leakage
A33: 30 | B33: IPQC | C33: R.MEENA | D33: 46158 | E33: 6000052977 | F33: 516300040526056 - 063 | G33: 8 | H33: 8 | I33: 0 | J33: OK | M33: Rajinikanth | P33: Rajinikanth | S33: OK | T33: OK
A34: 31 | B34: IPQC | C34: V.Amritha & R.Meena | D34: 46170 | E34: 6000052976 | F34: 516300030526064-065 | G34: 2 | H34: 2 | I34: 0 | J34: OK | M34: Rajinikanth | P34: Rajinikanth | S34: OK | T34: OK
A35: 32 | B35: IPQC | C35: V.Amritha & R.Meena | D35: 46170 | E35: 6000052976 | F35: 516300030526066 | G35: 1 | H35: 0 | I35: 1 | J35: Rust inside Enclosure. | M35: Rajinikanth | P35: Rajinikanth | S35: Rust | T35: Damages
A36: 33 | B36: IPQC | C36: V.Amritha & R.Meena | D36: 46170 | E36: 6000052976 | F36: 516300030526067 | G36: 1 | H36: 0 | I36: 1 | J36: Loose fitment of FRP top cover and enclosure screws observed air leakage . | M36: Rajinikanth | O36: Packing of enclosures at vendor's place to be improved. Care to be taken during transportation. Care to be taken for proper preservation at stores. Care to be taken at the time of internal movement during production. | P36: Rajinikanth | S36: Loose Fitment | T36: Air Leakage
A37: 34 | B37: IPQC | C37: V.Amritha & R.Meena | D37: 46170 | E37: 6000052976 | F37: 516300030526068-072 | G37: 5 | H37: 5 | I37: 0 | J37: OK | M37: Rajinikanth | P37: Rajinikanth | S37: OK | T37: OK
A38: 35 | B38: IPQC | C38: V.Amritha & R.Meena | D38: 46170 | E38: 6000052977 | F38: 516300040526064-069 | G38: 4 | H38: 4 | I38: 0 | J38: OK | M38: Rajinikanth | P38: Rajinikanth | S38: OK | T38: OK
A39: 36 | B39: IPQC | C39: V.Amritha & R.Meena | D39: 46170 | E39: 6000052977 | F39: 516300040526070 | G39: 1 | H39: 0 | I39: 1 | J39: Air leakage from CN-1 female MIL connector. | K39: Operator mistake during assembly | L39: Tightened the connector with the buska tool as per its standards | M39: Rajinikanth | O39: The operator shall use the appropriate tools and equipment, including the Buska tool, as specified in the assembly procedure and follow the manufacturer’s instructions | P39: Rajinikanth | R39: Closed | S39: Loose Fitment | T39: Air Leakage
A40: 37 | B40: IPQC | C40: V.Amritha & R.Meena | D40: 46170 | E40: 6000052976 | F40: 516300030526071 - 072 | G40: 2 | H40: 2 | I40: 0 | J40: OK | M40: Rajinikanth | P40: Rajinikanth | S40: OK | T40: OK
A41: 38 | B41: IPQC | C41: R.MEENA | D41: 46172 | E41: 6000052976 | F41: 516300030526073 | G41: 1 | H41: 0 | I41: 1 | J41: Air leakage from CN-1 female MIL connector. | K41: Operator mistake during assembly | L41: Tightened the connector with the buska tool as per its standards | M41: Rajinikanth | O41: The operator shall use the appropriate tools and equipment, including the Buska tool, as specified in the assembly procedure and follow the manufacturer’s instructions | P41: Rajinikanth | R41: Closed | S41: Loose Fitment | T41: Air Leakage
A42: 39 | B42: IPQC | C42: R.MEENA | D42: 46172 | E42: 6000052976 | F42: 516300030526074 - 075 | G42: 2 | H42: 2 | I42: 0 | J42: OK | M42: Rajinikanth | P42: Rajinikanth | S42: OK | T42: OK
A43: 40 | B43: IPQC | C43: R.MEENA | D43: 46172 | E43: 6000052977 | F43: 516300040526073-075 | G43: 3 | H43: 3 | I43: 0 | J43: OK | M43: Rajinikanth | P43: Rajinikanth | S43: OK | T43: OK
A44: 41 | B44: IPQC | C44: D.Srishanth Reddy & R.MEENA | D44: 46179 | E44: 6000052976 | F44: 516300030626076-085 | G44: 10 | H44: 10 | I44: 0 | J44: OK | M44: Rajinikanth | P44: Rajinikanth | S44: OK | T44: OK
A45: 42 | B45: IPQC | C45: R.MEENA R.NAVANEETHA | D45: 46179 | E45: 6000052977 | F45: 516300040626076-085 | G45: 10 | H45: 10 | I45: 0 | J45: OK | M45: Rajinikanth | P45: Rajinikanth | S45: OK | T45: OK
A46: 43 | B46: IPQC | C46: R.NAVANEETHA & R.MEENA | D46: 46181 | E46: 6000052976 | F46: 516300030626086-095 | G46: 10 | H46: 10 | I46: 0 | J46: OK | M46: Rajinikanth | P46: Rajinikanth | S46: OK | T46: OK
A47: 44 | B47: IPQC | C47: R.NAVANEETHA & R.MEENA | D47: 46181 | E47: 6000052977 | F47: 516300040626086-095 | G47: 10 | H47: 10 | I47: 0 | J47: OK | M47: Rajinikanth | P47: Rajinikanth | S47: OK | T47: OK
A48: 45 | B48: IPQC | C48: R.MEENA | D48: 46183 | E48: 6000052976 | F48: 516300030626096-111 | G48: 6 | H48: 6 | I48: 0 | J48: OK | M48: Rajinikanth | P48: Rajinikanth | S48: OK | T48: OK
A49: 46 | B49: IPQC | C49: R.MEENA | D49: 46184 | E49: 6000052976 | F49: 5163000306260112 | G49: 1 | H49: 0 | I49: 1 | J49: Loose fitment of PCBA M3*8mm Socket head screw with spring and plain washer. | K49: Assembly Error | L49: 1.Reworked all defective assemblies and corrected loose fitment 2. Conducted 100% inspection before release. | M49: Rajinikanth | P49: Rajinikanth | R49: Closed | S49: Loose Fitment | T49: Assembly Errors
G50: 1 | H50: 0 | I50: 1 | J50: Double plain washers at FRP top cover. | S50: Wrong Operation | T50: Assembly Errors
A51: 47 | B51: IPQC | C51: R.MEENA | D51: 46184 | E51: 6000052976 | F51: 5163000306260113-116 | G51: 4 | H51: 4 | I51: 0 | J51: OK | M51: Rajinikanth | P51: Rajinikanth | S51: OK | T51: OK
A52: 48 | B52: IPQC | C52: R.MEENA | D52: 46184 | E52: 6000052976 | F52: 5163000306260117 | G52: 1 | H52: 0 | I52: 1 | J52: Air leakage from CN-1 female MIL connector. | K52: Operator mistake during assembly | L52: Tightened the connector with the buska tool as per its standards | M52: Rajinikanth | O52: The operator shall use the appropriate tools and equipment, including the Buska tool, as specified in the assembly procedure and follow the manufacturer’s instructions | P52: Rajinikanth | R52: Closed | S52: Loose Fitment | T52: Air Leakage
A53: 49 | B53: IPQC | C53: R.MEENA | D53: 46184 | E53: 6000052976 | F53: 5163000306260118-121 | G53: 4 | H53: 4 | I53: 0 | J53: OK | M53: Rajinikanth | P53: Rajinikanth | S53: OK | T53: OK
A54: 50 | B54: IPQC | C54: R.MEENA | D54: 46184 | E54: 6000052976 | F54: 5163000306260122 | G54: 1 | H54: 0 | I54: 1 | J54: Air leakage from CN-1 female MIL connector. | K54: Operator mistake during assembly | L54: Tightened the connector with the buska tool as per its standards | M54: Rajinikanth | O54: The operator shall use the appropriate tools and equipment, including the Buska tool, as specified in the assembly procedure and follow the manufacturer’s instructions | P54: Rajinikanth | R54: Closed | S54: Loose Fitment | T54: Air Leakage
A55: 51 | B55: IPQC | C55: R.MEENA | D55: 46184 | E55: 6000052977 | F55: 516300040626112-113 | G55: 2 | H55: 2 | I55: 0 | J55: OK | M55: Rajinikanth | P55: Rajinikanth | S55: OK | T55: OK
A56: 52 | B56: IPQC | C56: R.MEENA | D56: 46184 | E56: 6000052977 | F56: 516300040626114 | G56: 1 | H56: 0 | I56: 1 | J56: Air leakage from CN-1 female MIL connector. | K56: Operator mistake during assembly | L56: Tightened the connector with the buska tool as per its standards | M56: Rajinikanth | O56: The operator shall use the appropriate tools and equipment, including the Buska tool, as specified in the assembly procedure and follow the manufacturer’s instructions | P56: Rajinikanth | R56: Closed | S56: Loose Fitment | T56: Air Leakage
A57: 53 | B57: IPQC | C57: R.MEENA | D57: 46184 | E57: 6000052977 | F57: 516300040626115 - 116 | G57: 2 | H57: 2 | I57: 0 | J57: OK | M57: Rajinikanth | P57: Rajinikanth | S57: OK | T57: OK
A58: 54 | B58: IPQC | C58: R.MEENA | D58: 46184 | E58: 6000052977 | F58: 516300040626117 | G58: 1 | H58: 0 | I58: 1 | J58: Air leakage from CN-1 female MIL connector. | K58: Operator mistake during assembly | L58: Tightened the connector with the buska tool as per its standards | M58: Rajinikanth | O58: The operator shall use the appropriate tools and equipment, including the Buska tool, as specified in the assembly procedure and follow the manufacturer’s instructions | P58: Rajinikanth | R58: Closed | S58: Loose Fitment | T58: Air Leakage
A59: 55 | B59: IPQC | C59: R.MEENA | D59: 46184 | E59: 6000052977 | F59: 516300040626118 - 122 | G59: 5 | H59: 5 | I59: 0 | J59: OK | M59: Rajinikanth | P59: Rajinikanth | S59: OK | T59: OK
A60: 56 | B60: IPQC | C60: R.MEENA | D60: 46189 | E60: 6000052976 | F60: 5163000306260123-124 | G60: 2 | H60: 2 | I60: 0 | J60: OK | M60: Rajinikanth | P60: Rajinikanth | S60: OK | T60: OK
A61: 57 | B61: IPQC | C61: R.MEENA | D61: 46189 | E61: 6000052976 | F61: 5163000306260125 | G61: 1 | H61: 0 | I61: 1 | J61: Loose fitment of MC-21 male MIL Connector. | M61: Rajinikanth | P61: Rajinikanth | R61: Closed | S61: Loose Fitment | T61: Air Leakage
A62: 58 | B62: IPQC | C62: R.MEENA | D62: 46189 | E62: 6000052976 | F62: 5163000306260126-130 | G62: 5 | H62: 5 | I62: 0 | J62: OK | M62: Rajinikanth | P62: Rajinikanth | S62: OK | T62: OK
A63: 59 | B63: IPQC | C63: R.MEENA | D63: 46189 | E63: 6000052976 | F63: 5163000306260131 | G63: 1 | H63: 0 | I63: 1 | J63: Air leakage from CN-1 female MIL connector. | K63: Operator mistake during assembly | L63: Tightened the connector with the buska tool as per its standards | M63: Rajinikanth | O63: The operator shall use the appropriate tools and equipment, including the Buska tool, as specified in the assembly procedure and follow the manufacturer’s instructions | P63: Rajinikanth | R63: Closed | S63: Loose Fitment | T63: Air Leakage
A64: 60 | B64: IPQC | C64: R.MEENA | D64: 46189 | E64: 6000052976 | F64: 5163000306260132-134 | G64: 3 | H64: 3 | I64: 0 | J64: OK | M64: Rajinikanth | P64: Rajinikanth | S64: OK | T64: OK
A65: 61 | B65: IPQC | C65: R.MEENA | D65: 46189 | E65: 6000052976 | F65: 5163000306260135 | G65: 1 | H65: 0 | I65: 1 | J65: Air leakage from CN-1 female MIL connector. | K65: Operator mistake during assembly | L65: Tightened the connector with the buska tool as per its standards | M65: Rajinikanth | O65: The operator shall use the appropriate tools and equipment, including the Buska tool, as specified in the assembly procedure and follow the manufacturer’s instructions | P65: Rajinikanth | R65: Closed | S65: Loose Fitment | T65: Air Leakage
A66: 62 | B66: IPQC | C66: R.MEENA | D66: 46189 | E66: 6000052977 | F66: 516300040626123-126 | G66: 4 | H66: 4 | I66: 0 | J66: OK | M66: Rajinikanth | P66: Rajinikanth | S66: OK | T66: OK
A67: 63 | B67: IPQC | C67: R.MEENA | D67: 46189 | E67: 6000052977 | F67: 516300040626127 | G67: 1 | H67: 0 | I67: 1 | J67: Air leakage from CN-1 female MIL connector. | K67: Operator mistake during assembly | L67: Tightened the connector with the buska tool as per its standards | M67: Rajinikanth | O67: The operator shall use the appropriate tools and equipment, including the Buska tool, as specified in the assembly procedure and follow the manufacturer’s instructions | P67: Rajinikanth | R67: Closed | S67: Loose Fitment | T67: Air Leakage
A68: 64 | B68: IPQC | C68: R.MEENA | D68: 46189 | E68: 6000052977 | F68: 516300040626128-132 | G68: 5 | H68: 5 | I68: 0 | J68: OK | M68: Rajinikanth | P68: Rajinikanth | S68: OK | T68: OK
A69: 65 | B69: IPQC | C69: R.MEENA | D69: 46189 | E69: 6000052977 | F69: 516300040626133 | G69: 1 | H69: 0 | I69: 1 | J69: Air leakage from CN-1 female MIL connector. | K69: Operator mistake during assembly | L69: Tightened the connector with the buska tool as per its standards | M69: Rajinikanth | O69: The operator shall use the appropriate tools and equipment, including the Buska tool, as specified in the assembly procedure and follow the manufacturer’s instructions | P69: Rajinikanth | R69: Closed | S69: Loose Fitment | T69: Air Leakage
A70: 66 | B70: IPQC | C70: R.MEENA | D70: 46189 | E70: 6000052977 | F70: 516300040626134 - 135 | G70: 2 | H70: 2 | I70: 0 | J70: OK | M70: Rajinikanth | P70: Rajinikanth | S70: OK | T70: OK
A71: 67 | B71: IPQC | C71: R.MEENA | D71: 46191 | E71: 6000052976 | F71: 5163000306260136-141 | G71: 6 | H71: 6 | I71: 0 | J71: OK | M71: Rajinikanth | P71: Rajinikanth | S71: OK | T71: OK
A72: 68 | B72: IPQC | C72: R.MEENA | D72: 46191 | E72: 6000052976 | F72: 5163000306260142 | G72: 1 | H72: 0 | I72: 1 | J72: Loose fitment of PCBA M3*8mm Socket head screw with spring and plain washer. | K72: Assembly Error | L72: 1.Reworked all defective assemblies and corrected loose fitment 2. Conducted 100% inspection before release. | M72: Rajinikanth | P72: Rajinikanth | R72: Closed | S72: Loose Fitment | T72: Assembly Errors
A73: 69 | B73: IPQC | C73: R.MEENA | D73: 46191 | E73: 6000052977 | F73: 516300040626136-142 | G73: 7 | H73: 7 | I73: 0 | J73: OK | K73: Assembly Error | L73: 1.Reworked all defective assemblies and corrected loose fitment 2. Conducted 100% inspection before release. | M73: Rajinikanth | P73: Rajinikanth | R73: Closed | S73: OK | T73: OK
A74: 70 | B74: IPQC | C74: R.MEENA | D74: 46192 | E74: 6000052976 | F74: 5163000306260143-162 | G74: 20 | H74: 20 | I74: 0 | J74: OK | M74: Rajinikanth | P74: Rajinikanth | S74: OK | T74: OK
A75: 71 | B75: IPQC | C75: V.Amritha | D75: 46193 | E75: 6000052976 | F75: 516300030626163-172 | G75: 10 | H75: 10 | I75: 0 | J75: Scratches on FRP top cover. | M75: Rajinikanth | P75: Rajinikanth | R75: Closed | S75: Scratches | T75: OK
A76: 72 | B76: IPQC | C76: R.MEENA | D76: 46192 | E76: 6000052977 | F76: 516300040626143-152 | G76: 10 | H76: 10 | I76: 0 | J76: OK | S76: OK | T76: OK
A77: 73 | B77: IPQC | C77: R.MEENA | D77: 46192 | E77: 6000052977 | F77: 516300040626153 | G77: 1 | H77: 0 | I77: 1 | J77: Loose fitment of PCBA M3*8mm Socket head screw with spring and plain washer. | S77: Loose Fitment | T77: Assembly Errors
A78: 74 | B78: IPQC | C78: R.MEENA | D78: 46192 | E78: 6000052977 | F78: 516300040626154 | G78: 1 | H78: 1 | I78: 0 | J78: OK | S78: OK | T78: OK
A79: 75 | B79: IPQC | C79: R.MEENA | D79: 46192 | E79: 6000052977 | F79: 516300040626155 | G79: 1 | H79: 0 | I79: 1 | J79: Air lekage MC-23 male MIL connector. | S79: Loose Fitment | T79: Air Leakage
A80: 76 | B80: IPQC | C80: R.MEENA | D80: 46192 | E80: 6000052977 | F80: 516300040626156-157 | G80: 2 | H80: 2 | I80: 0 | J80: OK | S80: OK | T80: OK
A81: 77 | B81: IPQC | C81: R.MEENA | D81: 46192 | E81: 6000052977 | F81: 516300040626158 | G81: 1 | H81: 0 | I81: 1 | J81: Loose fitment of PCBA M3*8mm Socket head screw with spring and plain washer. | S81: Loose Fitment | T81: Assembly Errors
A82: 78 | B82: IPQC | C82: R.MEENA | D82: 46192 | E82: 6000052977 | F82: 516300040626159-162 | G82: 4 | H82: 4 | I82: 0 | J82: OK | S82: OK | T82: OK
A83: 79 | B83: IPQC | C83: V.Amritha | D83: 46193 | E83: 6000052977 | F83: 516300040626163-172 | G83: 10 | H83: 10 | I83: 0 | J83: OK | K83: Assembly Error | L83: 1.Reworked all defective assemblies and corrected loose fitment 2. Conducted 100% inspection before release. | M83: Rajinikanth | P83: Rajinikanth | R83: Closed | S83: OK | T83: OK
A84: 80 | B84: IPQC | C84: V.Amritha | D84: 46193 | E84: 6000052976 | F84: 516300030626163-164 | G84: 2 | H84: 2 | I84: 0 | J84: OK | S84: OK | T84: OK
A85: 81 | B85: IPQC | C85: V.Amritha | D85: 46193 | E85: 6000052976 | F85: 516300030626165 | G85: 1 | H85: 0 | I85: 1 | J85: Wrong label rivited at MC-21 instead of MC-23. | K85: over sight operator missed to paste labei due to no photo refernce at station on working area | L85: 1.Reworked all defective assemblies and corrected loose/missing parts. 2. Conducted 100% inspection before release. | M85: Rajinikanth | O85: Provide detailed Procedures/work instructions at workstations. | P85: Rajinikanth | R85: label issue | S85: Wrong Operation | T85: Assembly Errors
A86: 82 | B86: IPQC | C86: V.Amritha | D86: 46193 | E86: 6000052976 | F86: 516300030626166-169 | G86: 4 | H86: 4 | I86: 0 | J86: OK | S86: OK | T86: OK
A87: 83 | B87: IPQC | C87: V.Amritha | D87: 46193 | E87: 6000052976 | F87: 516300030626170 | G87: 1 | H87: 0 | I87: 1 | J87: Air leakage from CN-1 female MIL connector. | K87: Operator mistake during assembly | L87: Tightened the connector with the buska tool as per its standards | M87: Rajinikanth | O87: The operator shall use the appropriate tools and equipment, including the Buska tool, as specified in the assembly procedure and follow the manufacturer’s instructions | P87: Rajinikanth | R87: Closed | S87: Loose Fitment | T87: Air Leakage
A88: 84 | B88: IPQC | C88: V.Amritha | D88: 46195 | E88: 6000052976 | F88: 516300030626171-178 | G88: 8 | H88: 8 | I88: 0 | J88: OK | M88: Rajinikanth | P88: Rajinikanth | S88: OK | T88: OK
A89: 85 | B89: IPQC | C89: V.Amritha | D89: 46195 | E89: 6000052976 | F89: 516300030626179 | G89: 1 | H89: 0 | I89: 1 | J89: Double plain washers at FRP top cover. | S89: Wrong Operation | T89: Assembly Errors
A90: 86 | B90: IPQC | C90: V.Amritha | D90: 46195 | E90: 6000052976 | F90: 516300030626180-188 | G90: 9 | H90: 9 | I90: 0 | J90: OK | S90: OK | T90: OK
A91: 87 | B91: IPQC | C91: V.Amritha | D91: 46195 | E91: 6000052977 | F91: 516300040626173-176 | G91: 4 | H91: 4 | I91: 0 | J91: OK | S91: OK | T91: OK
A92: 88 | B92: IPQC | C92: V.Amritha | D92: 46195 | E92: 6000052977 | F92: 516300040626177 | G92: 1 | H92: 0 | I92: 1 | J92: Air leakage from CN-1 female MIL connector. | K92: Operator mistake during assembly | L92: Tightened the connector with the buska tool as per its standards | M92: Rajinikanth | O92: The operator shall use the appropriate tools and equipment, including the Buska tool, as specified in the assembly procedure and follow the manufacturer’s instructions | P92: Rajinikanth | R92: Closed | S92: Loose Fitment | T92: Air Leakage
A93: 89 | B93: IPQC | C93: V.Amritha | D93: 46195 | E93: 6000052977 | F93: 516300040626178-182 | G93: 5 | H93: 5 | I93: 0 | J93: OK | S93: OK | T93: OK
A94: 90 | B94: IPQC | C94: V.Amritha | D94: 46195 | E94: 6000052977 | F94: 516300040626183 | G94: 1 | H94: 0 | I94: 1 | J94: Loose fitment of PCBA M3*8mm Socket head screw with spring and plain washer. | S94: Loose Fitment | T94: Assembly Errors
A95: 91 | B95: IPQC | C95: V.Amritha | D95: 46195 | E95: 6000052977 | F95: 516300040626184-188 | G95: 5 | H95: 5 | I95: 0 | J95: OK | S95: OK | T95: OK
A96: 92 | B96: IPQC | C96: V.Amritha | D96: 46196 | E96: 6000052977 | F96: 516300040626189-198 | G96: 10 | H96: 10 | I96: 0 | J96: OK | M96: Rajinikanth | P96: Rajinikanth | S96: OK | T96: OK
A97: 93 | B97: IPQC | C97: V.Amritha | D97: 46196 | E97: 6000052976 | F97: 516300030626189-190 | G97: 2 | H97: 2 | I97: 0 | J97: OK | S97: OK | T97: OK
A98: 94 | B98: IPQC | C98: V.Amritha | D98: 46196 | E98: 6000052976 | F98: 516300030626191 | G98: 1 | H98: 0 | I98: 1 | J98: Loose fitment of FRP top cover and enclosure screws observed air leakage . | S98: Loose Fitment | T98: Air Leakage
A99: 95 | B99: IPQC | C99: V.Amritha | D99: 46196 | E99: 6000052976 | F99: 516300030626192-194 | G99: 3 | H99: 3 | I99: 0 | J99: OK | S99: OK | T99: OK
A100: 96 | B100: IPQC | C100: V.Amritha | D100: 46196 | E100: 6000052976 | F100: 516300030626195 | G100: 1 | H100: 0 | I100: 1 | J100: Loose fitment of FRP top cover and enclosure screws observed air leakage . | S100: Loose Fitment | T100: Air Leakage
...

Sheet  Summary of  GPS-GSM Update for
A1: GPS GSM Failure Summary April - September 2026
B3: TYPE OF MODULE | C3: Total inspection Quantity | D3: Total Accepted Quantity | E3: Total Defect Quantity | F3: FTR % | G3: Defect %
B4: GPS GSM | C4: =SUM('GPS- GSM DATA Update format'!H5:H985) -> 2804 | D4: =SUM('GPS- GSM DATA Update format'!I5:I985) -> 2705 | E4: =SUM('GPS- GSM DATA Update format'!J5:J985) -> 99 | F4: =D4/C4 -> 0.9646933 | G4: =E4/D4 -> 0.036598891
B12: Category of the problem | C12: Defect QTY | D12: Cumulative QTY | E12: Cumulative (%) | F12: Defect Contribution (%)
B13: Assembly Errors | C13: 79 | D13: 79 | E13: =D13/$D$15 -> 0.79 | F13: =C13/$D$15 -> 0.79
B14: Damages | C14: 18 | D14: =D13+C14 -> 97 | E14: =D14/$D$15 -> 0.97 | F14: =C14/$D$15 -> 0.18
B15: Manufacturing defects | C15: 3 | D15: =D14+C15 -> 100 | E15: =D15/$D$15 -> 1 | F15: =C15/$D$15 -> 0.03
B23: Sub Category of the problem | C23: No of issues Quantity | D23: Cumulative Quantity | E23: Cumulative (%) | F23: Defect Contribution (%)
B24: Loose Fitment | C24: 61 | D24: 122 | E24: =D24/$D$29 -> 0.7625 | F24: =C24/$D$29 -> 0.38125
B25: Crack / Dent / Scratch / Rust | C25: 16 | D25: =D24+C25 -> 138 | E25: =D25/$D$29 -> 0.8625 | F25: =C25/$D$29 -> 0.1
B26: Missing Components | C26: 12 | D26: =D25+C26 -> 150 | E26: =D26/$D$29 -> 0.9375 | F26: =C26/$D$29 -> 0.075
B27: Process Issue | C27: 5 | D27: =D26+C27 -> 155 | E27: =D27/$D$29 -> 0.96875 | F27: =C27/$D$29 -> 0.03125
B28: Manufacturing Defects | C28: 3 | D28: =D27+C28 -> 158 | E28: =D28/$D$29 -> 0.9875 | F28: =C28/$D$29 -> 0.01875
B29: Damaged sleeves | C29: 2 | D29: =D28+C29 -> 160 | E29: =D29/$D$29 -> 1 | F29: =C29/$D$29 -> 0.0125

Sheet GPS- GSM DATA Update format
A1: Onboard (Loco) KAVACH - IN_HOUSE FAILURES - ANALYSIS
A2: Failure Report by QC Engineer at Factory
G3: TOTAL | H3: =SUM(H5:H1188) -> 2804 | I3: =SUM(I5:I1188) -> 2705 | J3: =SUM(J5:J1188) -> 99
A4: Line # | B4: Failure detected Area IPQC | C4: Failure Reported by (Name of QC Eng) | D4: Project / Module Type | E4: Name of Failed item (Main, Unit / Module / Sub-module / component) | F4: Part Number | G4: Sl No of failed item | H4: Production QTY ( Nos) | I4: Accepted QTY ( Nos) | J4: Rework QTY ( Nos) | K4: Date of occurrence of failures | L4: "Observed Problem (First information Report)" | M4: Root Cause of failure | N4: Action to be taken (Corrective action) | O4: Responsible person | P4: Target Date | Q4: Preventive Action | R4: Responsible person.1 | S4: Target Date.1 | T4: Status (Issue Closed / Open) | U4: Sub Category | V4: Category of Problem | W4: Remarks, if any
